home,away,liga,data,hora,btts,over 2.5,home_geral,home_casa,home_fora,away_geral,away_casa,away_fora,home_ppj_geral,home_ppj_casa,home_ppj_fora,away_ppj_geral,away_ppj_casa,away_ppj_fora,vitoria_home_geral,vitoria_home_casa,vitoria_home_fora,gols_home_geral,gols_home_casa,gols_home_fora,marcados_home_geral,marcados_home_casa,marcados_home_fora,sofridos_home_geral,sofridos_home_casa,sofridos_home_fora,ambas_marcam_home_geral,ambas_marcam_home_casa,ambas_marcam_home_fora,sem_sofrer_home_geral,sem_sofrer_home_casa,sem_sofrer_home_fora,sem_marcar_home_geral,sem_marcar_home_casa,sem_marcar_home_fora,primeiro_marcar_home_geral,primeiro_marcar_home_casa,primeiro_marcar_home_fora,xg_home_geral,xg_home_casa,xg_home_fora,xga_home_geral,xga_home_casa,xga_home_fora,vitoria_away_geral,vitoria_away_casa,vitoria_away_fora,gols_away_geral,gols_away_casa,gols_away_fora,marcados_away_geral,marcados_away_casa,marcados_away_fora,sofridos_away_geral,sofridos_away_casa,sofridos_away_fora,ambas_marcam_away_geral,ambas_marcam_away_casa,ambas_marcam_away_fora,sem_sofrer_away_geral,sem_sofrer_away_casa,sem_sofrer_away_fora,sem_marcar_away_geral,sem_marcar_away_casa,sem_marcar_away_fora,primeiro_marcar_away_geral,primeiro_marcar_away_casa,primeiro_marcar_away_fora,xg_away_geral,xg_away_casa,xg_away_fora,xga_away_geral,xga_away_casa,xga_away_fora
Grêmio,Vitória,Brasil - Brasileirão Série A,"Dom, 21 Julho 2024",11:00,56%,48%,D D D E V,D E V D D,D D E D D,D D V D D,D V D V V,D D V D E,0.73,1.25,0.14,0.88,1.11,0.63,20%,38%,0%,2,2,2,0.67,0.88,0.43,1.33,1.13,1.57,33%,25%,43%,20%,38%,0%,47%,38%,57%,27%,50%,0%,1.32,1.41,1.21,1.39,1.26,1.53,24%,33%,13%,2.76,2.78,2.75,1.12,1.22,1,1.65,1.75,1.75,65%,56%,75%,12%,0%,25%,29%,44%,13%,35%,44%,25%,1.29,1.23,1.35,1.46,1.52,1.4
Atlético-MG,Vasco,Brasil - Brasileirão Série A,"Dom, 21 Julho 2024",16:00,56%,48%,E V D D E,V D E E D,E D V D V,V V V V E,V V E V E,V V D D D,1.38,1.25,1.5,1.35,1.89,0.75,31%,25%,38%,3,3,3,1.44,1.38,1.5,1.56,1.63,1.5,69%,75%,63%,19%,13%,25%,19%,13%,25%,44%,50%,38%,1.45,1.5,1.41,1.27,1.28,1.26,41%,56%,25%,2.71,3.11,2.25,1.18,1.56,0.75,1.53,1.5,1.5,53%,56%,50%,24%,33%,13%,29%,22%,38%,41%,56%,25%,1.32,1.42,1.2,1.69,1.49,1.92
Bahia,Corinthians,Brasil - Brasileirão Série A,"Dom, 21 Julho 2024",16:00,56%,48%,D V D V D,D V V V V,V D D D E,V D D V D,V V E E D,D D D E D,1.76,2.63,1,0.88,1.63,0.22,53%,88%,22%,2.82,2.38,3.22,1.59,1.75,1.44,1.24,0.63,1.78,71%,50%,89%,24%,50%,0%,6%,0%,11%,47%,63%,33%,1.45,1.59,1.32,1.43,1.11,1.71,18%,38%,0%,2.18,2.25,2.11,0.82,1.38,0.33,1.35,1.78,1.78,35%,50%,22%,18%,38%,0%,59%,38%,78%,18%,25%,11%,1.48,1.72,1.28,1.44,1.21,1.65
RB,Athletico-PR,Brasil - Brasileirão Série A,"Dom, 21 Julho 2024",18:30,56%,48%,D D V E D,V V V D E,D D E D D,D V D V D,D D E E V,V V D E D,1.38,2.29,0.67,1.56,1.75,1.38,38%,71%,11%,2.56,2.71,2.44,1.31,1.71,1,1.25,1,1.44,75%,86%,67%,13%,14%,11%,13%,0%,22%,50%,86%,22%,1.42,1.4,1.44,1.46,1.46,1.45,44%,50%,38%,2.25,2.63,1.88,1.25,1.63,0.88,1,1,1,50%,63%,38%,31%,38%,25%,19%,0%,38%,44%,50%,38%,1.5,1.75,1.26,1.27,1.07,1.48
Juventude,São,Brasil - Brasileirão Série A,"Dom, 21 Julho 2024",18:30,56%,48%,E V D D V,E V V V E,D D D D E,V D V V V,V V V V D,D V D E E,1.33,2.25,0.29,1.76,2.11,1.38,33%,63%,0%,2.6,2.13,3.14,1.27,1.63,0.86,1.33,0.5,2.29,67%,50%,86%,27%,50%,0%,7%,0%,14%,40%,75%,0%,1.34,1.36,1.31,1.54,1.44,1.66,53%,67%,38%,2.59,2.11,3.13,1.53,1.44,1.63,1.06,1.5,1.5,59%,44%,75%,35%,44%,25%,18%,22%,13%,59%,56%,63%,1.42,1.48,1.37,1.2,1.13,1.29
Fortaleza,Atlético-GO,Brasil - Brasileirão Série A,"Dom, 21 Julho 2024",18:30,56%,48%,V V V D V,V V V V V,V D E D D,D D D D E,D D E D E,D D E E V,1.81,2.33,1.14,0.65,0.25,1,50%,67%,29%,2.19,2.11,2.29,1.19,1.56,0.71,1,0.56,1.57,50%,56%,43%,31%,44%,14%,25%,0%,57%,75%,100%,43%,1.24,1.42,1.02,1.63,1.32,2.02,12%,0%,22%,2.29,2.5,2.11,0.82,0.75,0.89,1.47,1.22,1.22,59%,63%,56%,12%,0%,22%,35%,38%,33%,35%,38%,33%,1.45,1.48,1.43,1.44,1.42,1.45
Cuiabá,Fluminense,Brasil - Brasileirão Série A,"Dom, 21 Julho 2024",20:00,56%,48%,V E D E E,D E E V E,V E E V D,E D E D D,E D D D E,E D D D D,1.06,0.75,1.38,0.5,0.88,0.13,25%,13%,38%,2.44,2,2.88,1.13,0.88,1.38,1.31,1.13,1.5,44%,25%,63%,25%,38%,13%,44%,63%,25%,44%,25%,63%,1.18,1.18,1.17,1.62,1.31,1.93,6%,13%,0%,2.25,2.5,2,0.75,1.13,0.38,1.5,1.63,1.63,56%,75%,38%,0%,0%,0%,44%,25%,63%,44%,63%,25%,1.3,1.44,1.16,1.6,1.54,1.67
River,Lanús,Argentina - Campeonato Argentino,"Dom, 21 Julho 2024",15:00,44%,38%,D V D V V,V V V D V,D D V D E,V E V E D,V V D D E,E E D V V,1.8,2.18,1.33,1.63,1.4,1.89,50%,64%,33%,2.7,3.18,2.11,1.85,2.36,1.22,0.85,0.82,0.89,50%,64%,33%,35%,36%,33%,20%,0%,44%,60%,73%,44%,1.96,2.32,1.52,1.32,1.19,1.48,47%,40%,56%,2.37,2.5,2.22,1.37,1.3,1.44,1,0.78,0.78,42%,50%,33%,32%,20%,44%,26%,30%,22%,63%,60%,67%,1.51,1.48,1.55,1.45,1.25,1.67
Estudiantes,Unión,Argentina - Campeonato Argentino,"Dom, 21 Julho 2024",17:15,44%,38%,D E D V V,E V E E V,D D V V D,V V V E V,V V V D E,V E V E D,1.71,2,1.4,1.74,1.7,1.78,48%,55%,40%,2.1,2.18,2,1.33,1.73,0.9,0.76,0.45,1.1,43%,36%,50%,48%,64%,30%,19%,9%,30%,57%,64%,50%,1.77,2.16,1.33,1.38,1.15,1.62,47%,50%,44%,2.05,2.4,1.67,1.21,1.4,1,0.84,0.67,0.67,47%,50%,44%,47%,40%,56%,21%,20%,22%,47%,40%,56%,1.56,1.82,1.27,1.26,1.12,1.41
Central,Platense,Argentina - Campeonato Argentino,"Dom, 21 Julho 2024",17:15,44%,38%,D D D D D,D D E D E,D D D D E,D V E E D,V E V D E,D E D V E,0.58,0.67,0.5,1.21,1.56,0.9,11%,11%,10%,2.68,2.89,2.5,0.84,1.11,0.6,1.84,1.78,1.9,42%,44%,40%,21%,33%,10%,47%,44%,50%,32%,22%,40%,1.1,1.2,1,1.75,1.63,1.85,26%,33%,20%,1.68,1.22,2.1,0.68,0.78,0.6,1,1.5,1.5,37%,33%,40%,47%,67%,30%,47%,44%,50%,32%,33%,30%,1.35,1.37,1.33,1.35,1.1,1.55
Vélez,Talleres,Argentina - Campeonato Argentino,"Dom, 21 Julho 2024",20:00,44%,38%,D E E V D,E V E V V,D E D E E,V V E V V,V V E V V,V E V E E,1.59,2,1.31,1.95,2.22,1.7,41%,56%,31%,1.91,1.67,2.08,0.95,1.11,0.85,0.95,0.56,1.23,45%,33%,54%,36%,56%,23%,32%,22%,38%,45%,67%,31%,1.53,1.69,1.42,1.35,1.11,1.51,53%,67%,40%,2.89,2.89,2.9,1.84,2,1.7,1.05,1.2,1.2,68%,67%,70%,26%,22%,30%,16%,11%,20%,47%,56%,40%,1.71,1.89,1.55,1.3,1.3,1.31
Defensa,Boca,Argentina - Campeonato Argentino,"Dom, 21 Julho 2024",20:00,44%,38%,E E D E D,E E V V V,E D D E V,V D E V D,V E V V V,D V D E V,1.5,1.78,1.27,1.8,2.33,1.36,35%,44%,27%,2.05,2,2.09,1.05,1.11,1,1,0.89,1.09,50%,44%,55%,35%,44%,27%,25%,22%,27%,45%,44%,45%,1.42,1.51,1.33,1.59,1.36,1.77,50%,67%,36%,2.35,2.22,2.45,1.45,1.56,1.36,0.9,1.09,1.09,50%,44%,55%,35%,56%,18%,30%,22%,36%,40%,56%,27%,1.49,1.57,1.42,1.3,1.14,1.43
San,Deportivo,Argentina - 2ª Divisão da Argentina,"Dom, 21 Julho 2024",12:10,33%,28%,V E V E V,E E V D V,V V V E E,V E E E D,V E D V E,E E D D E,2,2.1,1.92,1.22,1.5,0.91,55%,60%,50%,1.82,1.9,1.75,1.36,1.5,1.25,0.45,0.4,0.5,32%,30%,33%,59%,60%,58%,32%,30%,33%,50%,60%,42%,1.33,1.34,1.32,1.43,1.42,1.45,30%,42%,18%,1.78,1.75,1.82,0.78,0.92,0.64,1,1.18,1.18,26%,17%,36%,48%,58%,36%,52%,50%,55%,35%,42%,27%,1.24,1.29,1.18,1.46,1.25,1.67
Defensores,Gimnasia,Argentina - 2ª Divisão da Argentina,"Dom, 21 Julho 2024",15:00,33%,28%,D V D V D,V V D E E,D D E E D,E E D V D,E D E D V,E V D E E,1.13,2,0.33,1.35,1.67,1,26%,55%,0%,1.87,2.09,1.67,0.83,1.36,0.33,1.04,0.73,1.33,39%,45%,33%,30%,45%,17%,48%,27%,67%,22%,36%,8%,1.26,1.39,1.15,1.39,1.27,1.49,26%,42%,9%,1.17,1.33,1,0.61,0.75,0.45,0.57,0.55,0.55,22%,17%,27%,61%,67%,55%,52%,42%,64%,26%,42%,9%,1.25,1.36,1.11,1.39,1.1,1.74
Deportivo,Gimnasia,Argentina - 2ª Divisão da Argentina,"Dom, 21 Julho 2024",15:30,33%,28%,E V D V E,V V E V E,E D V E V,V E V V E,V V V V D,E V E V D,1.48,1.73,1.25,1.61,1.92,1.27,39%,45%,33%,1.3,1.18,1.42,0.74,0.82,0.67,0.57,0.36,0.75,17%,9%,25%,61%,73%,50%,48%,45%,50%,43%,55%,33%,1.33,1.48,1.2,1.16,1.06,1.25,43%,58%,27%,2.35,2.33,2.36,1.26,1.42,1.09,1.09,1.27,1.27,61%,58%,64%,30%,25%,36%,22%,25%,18%,48%,58%,36%,1.53,1.93,1.1,1.3,1.27,1.33
Deportivo,Guillermo,Argentina - 2ª Divisão da Argentina,"Dom, 21 Julho 2024",15:30,33%,28%,D V D D V,V D V E V,D D V D V,E E E V E,E E V D D,E V E E D,1.3,1.55,1.08,1.09,1.25,0.91,39%,45%,33%,2.17,1.82,2.5,0.91,0.82,1,1.26,1,1.5,43%,36%,50%,26%,36%,17%,30%,27%,33%,43%,45%,42%,1.37,1.53,1.22,1.62,1.47,1.75,22%,25%,18%,1.7,1.67,1.73,0.74,0.75,0.73,0.96,1,1,48%,42%,55%,26%,33%,18%,43%,42%,45%,30%,33%,27%,1.14,1.27,1.01,1.68,1.54,1.84
Gimnasia,Agropecuario,Argentina - 2ª Divisão da Argentina,"Dom, 21 Julho 2024",16:00,33%,28%,E V V V D,V V D V V,E V D D D,V V D D D,V D V E D,V D D V D,1.48,2.27,0.75,1.3,1.08,1.55,43%,73%,17%,1.65,1.64,1.67,0.91,1.27,0.58,0.74,0.36,1.08,30%,18%,42%,43%,64%,25%,35%,18%,50%,48%,73%,25%,1.21,1.43,1,1.37,1.29,1.45,35%,25%,45%,2.57,2.17,3,1.35,1,1.73,1.22,1.27,1.27,61%,58%,64%,22%,25%,18%,26%,33%,18%,43%,25%,64%,1.53,1.66,1.38,1.39,1.24,1.56
Racing,Patronato,Argentina - 2ª Divisão da Argentina,"Dom, 21 Julho 2024",17:00,33%,28%,D V V D E,V D E D D,D V V E E,V V D V E,V V V E E,D D D E E,1.26,1.36,1.17,1.17,1.67,0.64,30%,36%,25%,1.74,1.64,1.83,0.87,0.82,0.92,0.87,0.82,0.92,35%,36%,33%,43%,45%,42%,39%,27%,50%,57%,64%,50%,1.35,1.44,1.27,1.25,1,1.48,26%,42%,9%,1.7,1.58,1.82,0.83,1.17,0.45,0.87,1.36,1.36,26%,25%,27%,43%,67%,18%,52%,42%,64%,35%,33%,36%,1.34,1.65,1.03,1.44,1.4,1.48
Talleres,Chacarita,Argentina - 2ª Divisão da Argentina,"Dom, 21 Julho 2024",17:30,33%,28%,D E V E V,V D E E V,D E E V D,D D E V V,D E V E D,D V V D D,1.04,1.18,0.92,1.3,1.33,1.27,22%,27%,17%,1.65,1.82,1.5,0.65,0.73,0.58,1,1.09,0.92,35%,27%,42%,52%,64%,42%,43%,45%,42%,35%,36%,33%,1.48,1.39,1.55,1.45,1.25,1.63,35%,33%,36%,2.26,2.58,1.91,1.09,1.17,1,1.17,0.91,0.91,43%,58%,27%,39%,25%,55%,26%,17%,36%,48%,50%,45%,1.12,1.08,1.16,1.08,1.09,1.08
Deportivo,Argentino,Argentina - Prim B Metro,"Dom, 21 Julho 2024",15:00,43%,35%,V E D E V,E E D E V,V D V D V,V V E V V,V E V V D,V V D V E,1.23,1.38,1.08,1.46,1.62,1.31,27%,31%,23%,2.42,2.08,2.77,1.12,1.08,1.15,1.31,1,1.62,62%,54%,69%,27%,31%,23%,15%,23%,8%,46%,38%,54%,1.32,1.45,1.19,1.31,1.13,1.47,38%,46%,31%,2.15,2.92,1.38,1.19,1.69,0.69,0.96,0.69,0.69,42%,54%,31%,38%,31%,46%,35%,23%,46%,46%,46%,46%,1.3,1.36,1.23,1.49,1.34,1.65
Midland,Deportivo,Argentina - Prim B Metro,"Dom, 21 Julho 2024",15:00,43%,35%,V E V E V,E V V V V,V E E E E,V E V E D,V V D V V,E E V E V,1.73,2,1.46,1.81,2.15,1.46,46%,62%,31%,2.04,2.08,2,1.27,1.46,1.08,0.77,0.62,0.92,42%,23%,62%,42%,54%,31%,31%,38%,23%,58%,62%,54%,1.45,1.59,1.3,1.28,1.23,1.33,50%,69%,31%,2.38,2.23,2.54,1.5,1.54,1.46,0.88,1.08,1.08,58%,38%,77%,27%,38%,15%,23%,31%,15%,62%,69%,54%,1.44,1.55,1.33,1.15,1.22,1.09
Los,Comunicaciones,Argentina - Prim B Metro,"Dom, 21 Julho 2024",15:05,43%,35%,D E E E V,E E V V V,D E V V D,V E V E D,V V D D V,E E D D E,2,2.38,1.62,1.27,1.62,0.92,58%,69%,46%,1.92,1.92,1.92,1.23,1.38,1.08,0.69,0.54,0.85,38%,38%,38%,58%,62%,54%,15%,15%,15%,65%,77%,54%,1.42,1.42,1.41,1.39,1.29,1.49,31%,46%,15%,2.23,2.38,2.08,1.23,1.54,0.92,1,1.15,1.15,58%,46%,69%,27%,38%,15%,27%,23%,31%,46%,62%,31%,1.31,1.35,1.28,1.33,1.28,1.37
Deportivo,Germinal,Argentina - Torneo Federal A,"Dom, 21 Julho 2024",11:00,36%,28%,V V V V E,V V E V E,V V E D E,E E E E V,E E V V E,E E V D E,1.39,1.89,0.89,1.83,2.33,1.33,33%,44%,22%,1.94,2.22,1.67,1.11,1.67,0.56,0.83,0.56,1.11,33%,44%,22%,39%,56%,22%,50%,33%,67%,39%,67%,11%,1.29,1.26,1.31,1.27,1.19,1.34,44%,67%,22%,2,2.22,1.78,1.33,1.78,0.89,0.67,0.89,0.89,44%,44%,44%,50%,56%,44%,22%,11%,33%,50%,67%,33%,1.33,1.51,1.08,1.36,1.31,1.43
Ferro,Deportivo,Argentina - Torneo Federal A,"Dom, 21 Julho 2024",14:15,36%,28%,E E D D D,E D D E V,E D D E D,E E D V V,E V V D V,E D D D D,0.72,0.78,0.67,1.11,2,0.22,11%,11%,11%,1.5,1.56,1.44,0.39,0.44,0.33,1.11,1.11,1.11,28%,33%,22%,39%,44%,33%,61%,56%,67%,22%,33%,11%,1.3,1.4,1.19,1.6,1.47,1.74,28%,56%,0%,1.78,1.67,1.89,0.78,1.11,0.44,1,1.44,1.44,28%,33%,22%,44%,67%,22%,44%,11%,78%,44%,78%,11%,1,0,1.17,1.7,0,1.87
Sol,Circulo,Argentina - Torneo Federal A,"Dom, 21 Julho 2024",15:00,36%,28%,E D V V D,E V D V D,D V D D D,D D V D V,D V V D E,D D D D D,1.17,1.89,0.44,1.17,1.89,0.44,33%,56%,11%,2.5,2.56,2.44,0.94,1.56,0.33,1.56,1,2.11,33%,44%,22%,22%,33%,11%,44%,22%,67%,33%,56%,11%,1.49,1.7,1.25,1.68,1.44,1.96,33%,56%,11%,2.56,2.44,2.67,1,1.44,0.56,1.56,2.11,2.11,50%,56%,44%,22%,33%,11%,33%,22%,44%,28%,44%,11%,1.1,1.3,0.91,1.58,1.38,1.79
Def.,Douglas,Argentina - Torneo Federal A,"Dom, 21 Julho 2024",15:00,36%,28%,E V D D D,V D D E E,E D D D D,V E E D D,V E D V E,E D V D D,0.81,1.38,0.25,1.19,1.25,1.13,19%,38%,0%,2.5,2.25,2.75,0.69,0.88,0.5,1.81,1.38,2.25,44%,38%,50%,13%,25%,0%,50%,50%,50%,25%,38%,13%,1.26,1.38,1.14,1.71,1.49,1.94,25%,25%,25%,1.69,1,2.38,0.88,0.63,1.13,0.81,1.25,1.25,31%,13%,50%,44%,63%,25%,44%,63%,25%,31%,25%,38%,1.45,1.46,1.43,1.41,1.1,1.72
Independiente,Juventud,Argentina - Torneo Federal A,"Dom, 21 Julho 2024",15:00,36%,28%,E D E D V,E E V D D,D D E E E,D D V D V,D V V V V,D D D E D,1.19,1.38,1,1.19,2.13,0.25,25%,38%,13%,1.63,2.38,0.88,0.81,1.25,0.38,0.81,1.13,0.5,31%,38%,25%,50%,38%,63%,56%,50%,63%,31%,25%,38%,1.59,1.99,1.19,1.43,1.21,1.64,31%,63%,0%,1.94,2,1.88,0.88,1.5,0.25,1.06,1.63,1.63,25%,38%,13%,44%,63%,25%,50%,13%,88%,44%,75%,13%,1.17,1.35,0.99,1.52,1.15,1.89
Kimberley,Villa,Argentina - Torneo Federal A,"Dom, 21 Julho 2024",15:05,36%,28%,E V D E E,E E E V E,V D E V E,V E V D E,V V E V V,E D V V E,1.39,1.56,1.22,1.89,2.44,1.33,28%,33%,22%,1.44,1.33,1.56,0.83,0.89,0.78,0.61,0.44,0.78,39%,33%,44%,56%,56%,56%,33%,33%,33%,28%,44%,11%,1.44,1.56,1.28,1.24,1.07,1.45,56%,78%,33%,2,2.56,1.44,1.33,1.89,0.78,0.67,0.67,0.67,28%,33%,22%,56%,67%,44%,28%,11%,44%,56%,67%,44%,1.66,1.79,1.52,1.05,1.03,1.06
Boca,Gimnasia,Argentina - Torneo Federal A,"Dom, 21 Julho 2024",15:30,36%,28%,V E D V D,E V D D E,V D D D D,E D V E D,E V D E D,D E V D E,0.88,1.25,0.5,0.69,0.75,0.63,19%,25%,13%,2,1.38,2.63,0.81,0.75,0.88,1.19,0.63,1.75,44%,25%,63%,25%,50%,0%,44%,50%,38%,25%,25%,25%,1.53,1.81,1.26,1.48,1.33,1.63,13%,13%,13%,2,1.38,2.63,0.56,0.5,0.63,1.44,2,2,44%,38%,50%,19%,25%,13%,44%,50%,38%,44%,50%,38%,1.42,1.45,1.39,1.42,1.19,1.66
Ciudad,Deportivo,Argentina - Torneo Federal A,"Dom, 21 Julho 2024",15:30,36%,28%,V D V V D,V V D V V,D V D D D,D E V E V,D V V V E,E E V V E,1.78,2.67,0.89,1.5,1.44,1.56,56%,89%,22%,1.89,1.89,1.89,1.22,1.44,1,0.67,0.44,0.89,33%,33%,33%,39%,56%,22%,28%,11%,44%,56%,78%,33%,1.34,1.55,1.11,1.31,1.07,1.59,39%,44%,33%,1.94,2.11,1.78,1.17,1.22,1.11,0.78,0.67,0.67,39%,33%,44%,39%,33%,44%,33%,44%,22%,56%,56%,56%,1.48,1.72,1.2,1.32,1.28,1.37
Sportivo,Defensores,Argentina - Torneo Federal A,"Dom, 21 Julho 2024",15:30,36%,28%,D V D D V,V D E E V,D D V E V,E E E E E,E E V E V,E E E V E,1.44,1.5,1.38,1.81,2,1.63,38%,38%,38%,2,2.38,1.63,1.19,1.5,0.88,0.81,0.88,0.75,44%,63%,25%,31%,25%,38%,38%,25%,50%,38%,38%,38%,1.41,1.71,1.12,1.38,1.38,1.39,44%,50%,38%,1.69,2,1.38,1.19,1.5,0.88,0.5,0.5,0.5,38%,50%,25%,56%,50%,63%,25%,0%,50%,56%,75%,38%,1.48,1.7,1.27,1.14,1.03,1.25
San,Huracán,Argentina - Torneo Federal A,"Dom, 21 Julho 2024",15:30,36%,28%,E D D D V,E D V V E,D D D V D,V E D D D,V D V D E,E D D E E,1.24,1.5,1,1.24,1.56,0.88,35%,38%,33%,1.18,0.75,1.56,0.53,0.5,0.56,0.65,0.25,1,12%,0%,22%,47%,75%,22%,59%,63%,56%,29%,38%,22%,1.4,1.71,1.19,1.38,1.25,1.46,29%,44%,13%,1.71,1.78,1.63,0.76,0.89,0.63,0.94,1,1,41%,33%,50%,41%,44%,38%,41%,44%,38%,35%,44%,25%,1.42,1.65,1.15,1.32,1.06,1.61
Sportivo,Atenas,Argentina - Torneo Federal A,"Dom, 21 Julho 2024",16:00,36%,28%,E E V V V,E V V E E,E V V E D,D V V E D,V E V V V,D V D D D,1.81,2.25,1.38,1.5,2.22,0.78,50%,63%,38%,1.13,1.13,1.13,0.81,0.88,0.75,0.31,0.25,0.38,13%,25%,0%,69%,75%,63%,38%,13%,63%,63%,88%,38%,1.19,1.37,1.01,1.39,1.33,1.45,44%,67%,22%,2.28,2.44,2.11,1.22,1.67,0.78,1.06,1.33,1.33,39%,44%,33%,33%,44%,22%,33%,11%,56%,50%,67%,33%,1.51,1.86,1.17,1.47,1.46,1.49
Juventud,Estudiantes,Argentina - Torneo Federal A,"Dom, 21 Julho 2024",16:00,36%,28%,D V D V V,D D V D E,V V V D D,D D D V D,D V D E E,D D D D E,1.28,1.33,1.22,0.78,1.11,0.44,33%,33%,33%,1.67,1.33,2,0.72,0.67,0.78,0.94,0.67,1.22,28%,22%,33%,44%,56%,33%,44%,44%,44%,44%,44%,44%,1.39,1.29,1.49,1.4,0.99,1.8,17%,22%,11%,2.44,2.22,2.67,0.94,1.11,0.78,1.5,1.89,1.89,67%,78%,56%,6%,0%,11%,33%,22%,44%,33%,44%,22%,1.28,1.27,1.3,1.4,1,1.75
Central,Sarmiento,Argentina - Torneo Federal A,"Dom, 21 Julho 2024",16:00,36%,28%,D V V V V,V V E V E,D V V V D,V E V D V,V V V V V,E D D V E,2.13,2.5,1.75,2.06,3,1.13,63%,75%,50%,2.06,2.13,2,1.44,1.63,1.25,0.63,0.5,0.75,44%,38%,50%,56%,63%,50%,6%,0%,13%,75%,75%,75%,1.51,1.82,1.16,1.18,0.99,1.39,63%,100%,25%,2.13,2.38,1.88,1.44,2,0.88,0.69,1,1,50%,38%,63%,38%,63%,13%,13%,0%,25%,63%,88%,38%,1.54,1.76,1.32,1.27,1.1,1.44
Sol,San,Argentina - Torneo Federal A,"Dom, 21 Julho 2024",16:00,36%,28%,V V E V E,V V V V V,V E E E D,D D E V V,D E V E V,D V V E E,1.75,2.63,0.88,1.56,2.13,1,50%,88%,13%,1.88,2,1.75,1.06,1.5,0.63,0.81,0.5,1.13,38%,38%,38%,44%,50%,38%,38%,13%,63%,56%,88%,25%,1.32,1.33,1.32,1.34,1.16,1.52,44%,63%,25%,2,2.25,1.75,1.19,1.63,0.75,0.81,1,1,31%,38%,25%,44%,63%,25%,38%,13%,63%,44%,63%,25%,1.4,1.51,1.29,1.29,1.21,1.37
Unión,Crucero,Argentina - Torneo Federal A,"Dom, 21 Julho 2024",17:00,36%,28%,V E E V D,V E D E E,E V D D D,D E D D D,E D D E V,D D D E V,0.87,1.13,0.57,0.94,1.25,0.63,20%,25%,14%,2.27,2.5,2,0.67,1,0.29,1.6,1.5,1.71,40%,63%,14%,27%,25%,29%,53%,38%,71%,13%,13%,14%,1.21,1.37,1.02,1.47,1.22,1.75,19%,25%,13%,1.75,1.25,2.25,0.69,0.63,0.75,1.06,1.5,1.5,38%,25%,50%,44%,63%,25%,44%,50%,38%,31%,38%,25%,1.35,1.45,1.26,1.27,1.12,1.43
Atlas,Central,Argentina - Primera C,"Dom, 21 Julho 2024",15:00,44%,39%,D V E D V,V E V V E,D D V D D,V E E E D,V E V V V,E E D V V,1.5,1.77,1.23,1.77,2.15,1.38,42%,46%,38%,3.04,2.85,3.23,1.58,1.77,1.38,1.46,1.08,1.85,62%,54%,69%,23%,31%,15%,15%,15%,15%,58%,62%,54%,1.38,1.47,1.29,1.52,1.38,1.66,46%,69%,23%,2.08,2.46,1.69,1.27,1.62,0.92,0.81,0.77,0.77,42%,31%,54%,46%,54%,38%,23%,15%,31%,58%,77%,38%,1.34,1.68,1.03,1.46,1.53,1.4
Deportivo,Ituzaingó,Argentina - Primera C,"Dom, 21 Julho 2024",15:00,44%,39%,D D E V D,D E D D D,D V D D D,E V D V E,E V V E D,V D E D V,0.77,0.54,1,1.42,1.15,1.69,19%,8%,31%,1.77,1.69,1.85,0.5,0.31,0.69,1.27,1.38,1.15,27%,15%,38%,23%,23%,23%,58%,77%,38%,19%,15%,23%,1.25,1.35,1.15,1.64,1.56,1.71,35%,23%,46%,1.46,1.38,1.54,0.85,0.62,1.08,0.62,0.46,0.46,23%,23%,23%,58%,54%,62%,46%,54%,38%,38%,31%,46%,1.35,1.42,1.28,1.37,1.21,1.52
JJ,El,Argentina - Primera C,"Dom, 21 Julho 2024",15:00,44%,39%,V V D V V,V D V D D,V V D E D,V D D E D,V E E E E,D D D D D,1.77,1.69,1.85,1.27,1.54,1,54%,54%,54%,2.42,2,2.85,1.58,1.31,1.85,0.85,0.69,1,46%,31%,62%,31%,31%,31%,27%,38%,15%,50%,54%,46%,1.35,1.28,1.43,1.35,1.34,1.37,35%,38%,31%,2.31,1.77,2.85,1.12,1.08,1.15,1.19,1.69,1.69,42%,31%,54%,35%,54%,15%,38%,38%,38%,42%,46%,38%,1.46,1.55,1.38,1.36,1.17,1.55
Huracán,San,Argentina - Campeonato Argentino Feminino,"Dom, 21 Julho 2024",12:00,39%,45%,E D V D D,D D D D D,E V D D D,D D E D D,D E D D V,D D D V E,0.63,0.38,0.88,1.31,1.25,1.38,19%,13%,25%,2.13,1.88,2.38,0.69,0.5,0.88,1.44,1.38,1.5,19%,25%,13%,19%,13%,25%,63%,63%,63%,25%,25%,25%,1.14,1.35,0.89,1.2,1.37,1.02,38%,38%,38%,2.56,2,3.13,1.31,0.88,1.75,1.25,1.38,1.38,50%,50%,50%,38%,38%,38%,25%,25%,25%,38%,38%,38%,1.64,1.79,1.47,1.31,1.24,1.39
Weston,Charlestown,Austrália - Northern NSW NPL,"Dom, 21 Julho 2024",01:30,56%,68%,V V D E V,V V E D D,D V V D D,E D D D E,E D D V V,D E V D V,1.35,1.44,1.25,1.71,1.6,1.86,41%,44%,38%,2.94,3.33,2.5,1.59,2.11,1,1.35,1.22,1.5,47%,56%,38%,29%,22%,38%,29%,22%,38%,47%,56%,38%,1.75,1.89,1.61,1.76,1.69,1.82,53%,50%,57%,3.24,3.6,2.71,1.94,2.1,1.71,1.29,1,1,59%,70%,43%,41%,30%,57%,0%,0%,0%,53%,50%,57%,1.72,1.7,1.76,1.59,1.72,1.4
Independiente,Club,Bolívia - Campeonato Boliviano,"Dom, 21 Julho 2024",16:00,57%,53%,E E V E D,E V D V D,E E D V V,V E E E V,V E V D V,E E V E D,1.35,1.67,1,1.73,2.38,1,35%,44%,25%,3.06,2.33,3.88,1.41,1.33,1.5,1.65,1,2.38,71%,56%,88%,18%,22%,13%,18%,33%,0%,41%,44%,38%,1.63,1.79,1.45,1.45,1.14,1.81,47%,75%,14%,2.8,3.88,1.57,1.73,2.63,0.71,1.07,0.86,0.86,67%,88%,43%,20%,13%,29%,20%,0%,43%,60%,63%,57%,1.45,1.68,1.2,1.42,1.31,1.54
Bolívar,Always,Bolívia - Campeonato Boliviano,"Dom, 21 Julho 2024",18:30,57%,53%,V V E V V,V V E V V,V E V D D,E D V V V,E V V D V,D V D D D,2,2.43,1.63,1.23,1.71,0.67,60%,71%,50%,3.47,4.57,2.5,2.33,3.14,1.63,1.13,1.43,0.88,67%,86%,50%,27%,14%,38%,7%,0%,13%,67%,71%,63%,1.87,2.39,1.41,1.45,1.36,1.54,31%,43%,17%,1.92,1.71,2.17,0.92,1,0.83,1,1.33,1.33,54%,57%,50%,23%,29%,17%,23%,14%,33%,46%,57%,33%,1.71,1.99,1.39,1.02,0.7,1.41
Oriente,Guabirá,Bolívia - Campeonato Boliviano,"Dom, 21 Julho 2024",20:30,57%,53%,V D D V D,D V V V E,V D D D V,E E D E D,E E V V D,E D D D D,1.23,1.67,0.86,1,1.83,0.29,38%,50%,29%,2.92,1.67,4,1.23,0.83,1.57,1.69,0.83,2.43,62%,33%,86%,15%,33%,0%,31%,50%,14%,54%,50%,57%,1.64,1.75,1.55,1.37,0.99,1.7,23%,50%,0%,2.85,3,2.71,1.38,1.83,1,1.46,1.71,1.71,77%,100%,57%,8%,0%,14%,23%,0%,43%,31%,50%,14%,1.58,2.09,1.08,1.87,1.54,2.2
Guarani,Goiás,Brasil - Brasileirão Série B,"Dom, 21 Julho 2024",16:00,44%,33%,E D E D E,D E E D E,E D D D D,D D V D D,D V E V V,D D D D D,0.47,0.75,0.14,1.4,2.29,0.63,7%,13%,0%,2.33,2,2.71,0.73,0.88,0.57,1.6,1.13,2.14,40%,38%,43%,13%,25%,0%,53%,50%,57%,27%,38%,14%,1.46,1.72,1.17,1.31,1.2,1.44,40%,71%,13%,2.27,2.86,1.75,1.33,2.29,0.5,0.93,1.25,1.25,33%,43%,25%,33%,57%,13%,33%,0%,63%,47%,71%,25%,1.36,1.69,1.07,1.39,1.2,1.55
Botafogo-SP,Brusque,Brasil - Brasileirão Série B,"Dom, 21 Julho 2024",18:30,44%,33%,D D D E V,D E V V D,D D V V D,E E E E E,E E V E E,E E E D E,1.13,1.25,1,0.93,1.43,0.5,27%,25%,29%,2.07,1.13,3.14,0.8,0.63,1,1.27,0.5,2.14,40%,25%,57%,33%,50%,14%,40%,50%,29%,40%,38%,43%,1.36,1.44,1.28,1.24,1.08,1.42,13%,29%,0%,2,1,2.88,0.73,0.57,0.88,1.27,2,2,47%,14%,75%,33%,71%,0%,47%,71%,25%,20%,29%,13%,1.2,1.17,1.23,1.61,1.37,1.82
Volta,Ypiranga,Brasil - Brasileirão Série C,"Dom, 21 Julho 2024",16:30,49%,45%,D V E V V,D E V V V,V V D V E,V D E V D,V E V V V,D V D D V,2,1.86,2.17,1.9,2.6,1.2,62%,57%,67%,3,3.14,2.83,1.69,1.57,1.83,1.31,1.57,1,77%,86%,67%,23%,14%,33%,0%,0%,0%,92%,86%,100%,1.54,1.91,1.1,1.7,1.5,1.93,60%,80%,40%,1.9,2,1.8,1.3,1.6,1,0.6,0.8,0.8,20%,40%,0%,50%,60%,40%,30%,0%,60%,60%,80%,40%,1.45,1.44,1.45,1.34,1.05,1.64
Náutico,Athletic,Brasil - Brasileirão Série C,"Dom, 21 Julho 2024",19:00,49%,45%,V E V E D,V V D E V,E E D D D,V E V D D,V D V V V,E V D D V,1.33,1.83,0.83,2.15,2.57,1.67,33%,50%,17%,2.83,3.17,2.5,1.67,2.17,1.17,1.17,1,1.33,58%,67%,50%,25%,17%,33%,25%,17%,33%,33%,50%,17%,1.5,1.74,1.25,1.47,1.08,1.85,69%,86%,50%,3.15,3.29,3,2.08,2.14,2,1.08,1,1,54%,71%,33%,46%,29%,67%,8%,0%,17%,54%,57%,50%,1.65,1.77,1.51,1.13,1,1.28
Botafogo-PB,ABC,Brasil - Brasileirão Série C,"Dom, 21 Julho 2024",19:00,49%,45%,V E D V E,V E V V V,D E E V V,V D E V D,V D V D V,E E E V D,2.15,2.43,1.83,1.23,1.29,1.17,62%,71%,50%,2.85,3.43,2.17,1.77,2.14,1.33,1.08,1.29,0.83,69%,71%,67%,23%,29%,17%,8%,0%,17%,69%,71%,67%,1.41,1.66,1.12,1.6,1.32,1.94,31%,43%,17%,1.92,2,1.83,0.92,0.71,1.17,1,0.67,0.67,31%,14%,50%,31%,29%,33%,46%,57%,33%,31%,43%,17%,1.24,1.35,1.11,1.29,0.99,1.64
São,Aparecidense,Brasil - Brasileirão Série C,"Dom, 21 Julho 2024",20:00,49%,45%,D D E D D,E D D D V,D D D D E,D D D E V,D E V E V,D D E D D,0.38,0.57,0.17,0.83,1.6,0.29,8%,14%,0%,2.08,1.86,2.33,0.62,0.57,0.67,1.46,1.29,1.67,38%,29%,50%,15%,29%,0%,54%,57%,50%,15%,14%,17%,1.23,1.37,1.08,1.27,1.29,1.25,17%,40%,0%,2.92,2.8,3,1.17,1.6,0.86,1.75,2.14,2.14,58%,80%,43%,17%,20%,14%,33%,0%,57%,42%,100%,0%,1.48,1.52,1.46,1.57,1.38,1.71
Tocantinópolis,Moto,Brasil - Brasileirão Série D,"Dom, 21 Julho 2024",16:00,43%,40%,D E D D E,E D E V V,D D E V D,D D E D E,D E E E E,D D V E D,1.23,1.83,0.71,1.15,1.14,1.17,31%,50%,14%,2.54,2.5,2.57,1.08,1.5,0.71,1.46,1,1.86,46%,50%,43%,31%,33%,29%,31%,17%,43%,31%,33%,29%,1.25,1.13,1.37,1.66,1.37,1.95,23%,14%,33%,3.08,2.29,4,1.31,1.14,1.5,1.77,2.5,2.5,85%,86%,83%,8%,14%,0%,15%,14%,17%,31%,29%,33%,1.71,1.93,1.4,1.7,1.67,1.74
Retrô,CSE,Brasil - Brasileirão Série D,"Dom, 21 Julho 2024",16:00,43%,40%,V V D V V,V V V V D,V D D E D,V V D V V,V D V V D,V V E D V,1.77,2.5,1.14,1.62,1.57,1.67,54%,83%,29%,2.31,2.5,2.14,1.46,2,1,0.85,0.5,1.14,46%,33%,57%,46%,67%,29%,23%,0%,43%,46%,67%,29%,1.65,2.14,1.16,1.05,0.93,1.18,46%,43%,50%,2.46,2.29,2.67,1.31,1.29,1.33,1.15,1.33,1.33,62%,57%,67%,23%,29%,17%,23%,29%,17%,46%,29%,67%,1.56,1.54,1.57,1.8,1.41,2.25
Altos,Cametá,Brasil - Brasileirão Série D,"Dom, 21 Julho 2024",16:00,43%,40%,V D V D V,D V V E V,V D V E D,V E E D V,V E V V D,E D E D E,1.62,1.67,1.57,1.23,1.86,0.5,46%,50%,43%,2.69,2.67,2.71,1.54,1.67,1.43,1.15,1,1.29,62%,67%,57%,31%,33%,29%,8%,0%,14%,85%,83%,86%,1.4,1.61,1.18,1.64,1.58,1.7,31%,57%,0%,2.38,2.86,1.83,1.23,1.71,0.67,1.15,1.17,1.17,54%,57%,50%,8%,14%,0%,38%,29%,50%,31%,57%,0%,1.3,0,1.47,1.19,0,1.36
América-RN,Maracanã,Brasil - Brasileirão Série D,"Dom, 21 Julho 2024",16:00,43%,40%,V V E V E,V V E V V,V E D E E,V D E D V,V E V D E,D D D D D,1.77,2.67,1,0.92,1.29,0.5,46%,83%,14%,1.85,1.83,1.86,1.23,1.67,0.86,0.62,0.17,1,38%,17%,57%,54%,83%,29%,23%,0%,43%,69%,100%,43%,1.42,1.63,1.24,1.44,1.18,1.67,23%,29%,17%,2.38,2.29,2.5,0.92,1,0.83,1.46,1.67,1.67,46%,43%,50%,15%,29%,0%,46%,43%,50%,15%,14%,17%,1.59,1.67,1.5,1.54,1.53,1.54
Iguatu,Sousa,Brasil - Brasileirão Série D,"Dom, 21 Julho 2024",16:00,43%,40%,D V V V E,V V V V V,D V E D E,E V V D D,E V V D E,V D D V D,1.85,3,0.86,1.38,1.71,1,54%,100%,14%,1.62,1.5,1.71,1,1.5,0.57,0.62,0,1.14,15%,0%,29%,69%,100%,43%,31%,0%,57%,62%,100%,29%,1.67,1.99,1.39,1.48,1.12,1.79,38%,43%,33%,1.92,2.29,1.5,0.92,1.43,0.33,1,1.17,1.17,23%,43%,0%,46%,57%,33%,46%,29%,67%,38%,43%,33%,1.36,1.67,1,1.45,1.44,1.47
Potiguar,Atlético,Brasil - Brasileirão Série D,"Dom, 21 Julho 2024",16:00,43%,40%,D D E E E,D E E D D,D E D D D,D D E E V,D D V V D,E E V V D,0.46,0.33,0.57,1.31,1.29,1.33,8%,0%,14%,2,1.67,2.29,0.46,0.33,0.57,1.54,1.33,1.71,31%,33%,29%,15%,33%,0%,69%,67%,71%,15%,17%,14%,1.38,1.24,1.51,1.46,1.46,1.46,38%,43%,33%,2.15,2,2.33,1,1,1,1.15,1.33,1.33,38%,29%,50%,31%,43%,17%,38%,29%,50%,38%,57%,17%,1.29,1.52,1.02,1.76,1.54,2.02
ASA,Sergipe,Brasil - Brasileirão Série D,"Dom, 21 Julho 2024",16:00,43%,40%,V D D V D,D V D E V,V D D D E,D D E V D,D V D V D,D E D D E,1.38,1.67,1.14,0.69,0.86,0.5,38%,50%,29%,2,1.5,2.43,1,0.83,1.14,1,0.67,1.29,31%,17%,43%,38%,67%,14%,38%,33%,43%,54%,50%,57%,1.52,1.54,1.5,1.24,0.95,1.49,15%,29%,0%,2.38,2.29,2.5,0.85,1,0.67,1.54,1.83,1.83,38%,29%,50%,23%,29%,17%,46%,43%,50%,31%,29%,33%,1.24,1.36,1.13,1.43,1.31,1.56
Jacuipense,Petrolina-PE,Brasil - Brasileirão Série D,"Dom, 21 Julho 2024",16:00,43%,40%,V D V D D,V D V V V,V D D D V,D D E D D,D E E E V,D D D D V,1.54,2.17,1,0.77,1,0.5,46%,67%,29%,1.92,1.83,2,0.92,1.17,0.71,1,0.67,1.29,46%,50%,43%,38%,50%,29%,23%,0%,43%,62%,83%,43%,1.48,1.42,1.53,1.63,1.45,1.79,15%,14%,17%,1.69,1.86,1.5,0.46,0.71,0.17,1.23,1.33,1.33,23%,43%,0%,23%,29%,17%,69%,57%,83%,23%,29%,17%,1.24,1.38,1.08,1.77,1.57,2.02
Itabaiana,Juazeirense,Brasil - Brasileirão Série D,"Dom, 21 Julho 2024",16:00,43%,40%,D V V D V,V V V V E,D D V D V,D V V D V,D V V V E,V D V E D,2,2.67,1.43,1.38,1.57,1.17,62%,83%,43%,2.23,2.33,2.14,1.54,2,1.14,0.69,0.33,1,38%,33%,43%,46%,67%,29%,23%,17%,29%,62%,67%,57%,1.35,1.62,1.11,1.49,1.43,1.54,38%,43%,33%,1.77,2.14,1.33,0.85,1.14,0.5,0.92,0.83,0.83,38%,57%,17%,38%,29%,50%,31%,14%,50%,38%,43%,33%,1.71,2.13,1.22,1.29,1.25,1.34
Cascavel,Avenida,Brasil - Brasileirão Série D,"Dom, 21 Julho 2024",16:00,43%,40%,E D E V E,D V E E E,E E E D D,E D E V D,E V V V V,D E D D E,0.92,1,0.86,1.46,2,0.83,15%,17%,14%,1.31,1.17,1.43,0.38,0.33,0.43,0.92,0.83,1,23%,17%,29%,46%,67%,29%,69%,67%,71%,15%,17%,14%,1.15,1,1.27,0.97,0.65,1.24,38%,57%,17%,2.31,1.71,3,1.08,1.14,1,1.23,2,2,62%,43%,83%,31%,57%,0%,15%,14%,17%,54%,71%,33%,1.12,1.36,0.89,1.32,1.29,1.35
Novo,Barra-SC,Brasil - Brasileirão Série D,"Dom, 21 Julho 2024",16:00,43%,40%,E V E D D,E D D V E,E V D D V,E V E V E,E E E D E,V V E D E,1.15,1,1.29,1.23,1.14,1.33,23%,17%,29%,2.15,1.83,2.43,1,0.83,1.14,1.15,1,1.29,77%,67%,86%,15%,17%,14%,23%,33%,14%,23%,33%,14%,1.25,1.35,1.15,1.17,1.03,1.31,23%,14%,33%,2,2.29,1.67,1.15,1.29,1,0.85,0.67,0.67,46%,57%,33%,31%,29%,33%,31%,29%,33%,38%,29%,50%,1.38,1.41,1.35,1.15,1.17,1.12
Hercílio,Cianorte,Brasil - Brasileirão Série D,"Dom, 21 Julho 2024",16:00,43%,40%,E E E D V,E D V D E,E E V E E,E D V D V,E D V V E,V D V D V,1.15,1,1.29,1.69,1.43,2,15%,17%,14%,1.54,1.83,1.29,0.77,0.83,0.71,0.77,1,0.57,54%,67%,43%,38%,17%,57%,38%,33%,43%,46%,50%,43%,1.27,1.15,1.38,1.33,1.06,1.6,46%,29%,67%,1.92,2,1.83,1.08,1.14,1,0.85,0.83,0.83,54%,71%,33%,31%,29%,33%,23%,14%,33%,54%,71%,33%,1.23,1.32,1.13,1.23,1.1,1.37
Brasil,Concórdia-SC,Brasil - Brasileirão Série D,"Dom, 21 Julho 2024",16:00,43%,40%,E V D V V,V D V D V,E V D D E,E E E D D,E E V D V,E D D D E,1.38,2,0.86,1.31,2,0.5,38%,67%,14%,2.15,2.33,2,1.15,1.67,0.71,1,0.67,1.29,38%,33%,43%,31%,50%,14%,38%,17%,57%,54%,83%,29%,1.18,1.45,0.95,1.35,1.51,1.22,31%,57%,0%,1.69,1.86,1.5,0.92,1.29,0.5,0.77,1,1,46%,43%,50%,38%,57%,17%,23%,0%,50%,46%,86%,0%,1.25,1.52,0.94,1.32,1.23,1.42
Treze-PB,Santa,Brasil - Brasileirão Série D,"Dom, 21 Julho 2024",16:00,43%,40%,E V D E E,V E V E V,E D E V V,V D D E D,V E D V V,D D D D V,2.15,2.33,2,1.23,1.86,0.5,62%,67%,57%,2.69,2.33,3,2,1.83,2.14,0.69,0.5,0.86,46%,50%,43%,46%,50%,43%,8%,0%,14%,77%,100%,57%,1.73,1.72,1.73,1.41,1.16,1.62,38%,57%,17%,3.08,3.57,2.5,1.31,2,0.5,1.77,2,2,54%,71%,33%,15%,29%,0%,31%,0%,67%,46%,57%,33%,1.48,1.57,1.36,1.37,1.33,1.42
Maranhão,Fluminense-PI,Brasil - Brasileirão Série D,"Dom, 21 Julho 2024",16:00,43%,40%,V V E V E,V V D D V,V E E E V,D E E V E,D V E E V,E E E D D,1.85,2,1.71,1.15,1.57,0.67,54%,67%,43%,2.15,2.5,1.86,1.46,1.83,1.14,0.69,0.67,0.71,38%,17%,57%,46%,50%,43%,23%,33%,14%,54%,50%,57%,1.98,2.33,1.63,1.35,1.22,1.48,23%,43%,0%,2.31,2.57,2,1.08,1.43,0.67,1.23,1.33,1.33,54%,57%,50%,31%,43%,17%,23%,0%,50%,54%,71%,33%,1.48,1.52,1.43,1.61,1.58,1.65
Águia,Ríver-PI,Brasil - Brasileirão Série D,"Dom, 21 Julho 2024",16:00,43%,40%,V E E V D,E V E E E,V E D D E,D V E V D,D E D V V,V V D E D,1,1.33,0.71,1.38,1.57,1.17,15%,17%,14%,2.38,2,2.71,0.92,1.17,0.71,1.46,0.83,2,54%,50%,57%,23%,50%,0%,38%,33%,43%,31%,33%,29%,1.47,1.42,1.53,1.55,1.06,2.04,38%,43%,33%,2.77,2.86,2.67,1.54,1.71,1.33,1.23,1.33,1.33,54%,57%,50%,23%,29%,17%,23%,14%,33%,46%,43%,50%,1.76,1.94,1.5,1.59,1.5,1.71
Blumenau,Atlético,Brasil - Campeonato Catarinense 2ª Divisão,"Dom, 21 Julho 2024",15:00,48%,35%,D D V E D,V E E,D D D D V,E V V V D,E V E E,V V D D,1,1.67,0.6,1.5,1.5,1.5,25%,33%,20%,3,3,3,1.38,1.67,1.2,1.63,1.33,1.8,75%,100%,60%,13%,0%,20%,13%,0%,20%,38%,67%,20%,1.63,1.6,1.65,1.65,1.64,1.67,38%,25%,50%,1.88,1.75,2,1.13,1,1.25,0.75,0.75,0.75,38%,50%,25%,38%,50%,25%,38%,25%,50%,50%,75%,25%,1.72,1.77,1.61,1.15,1.27,0.91
Caravaggio,Metropolitano,Brasil - Campeonato Catarinense 2ª Divisão,"Dom, 21 Julho 2024",15:00,48%,35%,E V V E V,V V D,E V E V D,E D V E E,E V E D,D E E E,1.75,2,1.6,1,1.25,0.75,50%,67%,40%,2.88,3.67,2.4,1.75,2.33,1.4,1.13,1.33,1,50%,67%,40%,50%,33%,60%,13%,0%,20%,50%,67%,40%,1.71,1.47,1.81,1.57,1.73,1.51,13%,25%,0%,1.75,2,1.5,0.75,1,0.5,1,1,1,50%,50%,50%,38%,25%,50%,50%,50%,50%,13%,25%,0%,1.08,0,1.33,1.02,0,1.27
Porto,Fluminense,Brasil - Campeonato Baiano 2ª Divisão,"Dom, 21 Julho 2024",15:00,41%,26%,V V D V E,V V V E,V D E D E,V E V V V,V V V D V,E V V V,1.67,2.5,1,2.44,2.4,2.5,44%,75%,20%,1.44,2,1,0.89,1.5,0.4,0.56,0.5,0.6,33%,50%,20%,44%,50%,40%,33%,0%,60%,44%,50%,40%,0.71,0,1.04,0.87,0,1.21,78%,80%,75%,1.33,1.4,1.25,1.11,1.2,1,0.22,0.25,0.25,11%,0%,25%,78%,80%,75%,22%,20%,25%,67%,80%,50%,1.39,1.7,1,1.03,0.93,1.15
Santa,Centro,Brasil - Campeonato Goiano 2ª Divisão,"Dom, 21 Julho 2024",15:30,38%,44%,D D D V D,D V D D V,D D D D D,V D D E V,D D E E D,V E V V V,0.83,1.5,0.17,1.58,0.5,2.67,25%,50%,0%,2.5,1.83,3.17,0.92,1.17,0.67,1.58,0.67,2.5,33%,17%,50%,17%,33%,0%,50%,50%,50%,25%,33%,17%,1.89,2.61,1.74,1.83,1.56,1.88,42%,0%,83%,1.83,1.33,2.33,1.08,0.33,1.83,0.75,0.5,0.5,42%,33%,50%,42%,33%,50%,42%,67%,17%,33%,33%,33%,1.77,2.08,1.4,1.38,1.2,1.59
Trindade,ASEEV,Brasil - Campeonato Goiano 2ª Divisão,"Dom, 21 Julho 2024",15:30,38%,44%,V V D E D,V E V V V,V D D E D,V V D D V,V D V V D,V D D D D,1.67,2.17,1.17,1.25,1.5,1,50%,67%,33%,1.83,1.83,1.83,0.92,1.17,0.67,0.92,0.67,1.17,25%,17%,33%,50%,67%,33%,42%,33%,50%,42%,67%,17%,1.43,1.58,1.31,1.46,1.18,1.69,42%,50%,33%,2.42,3.5,1.33,1.25,2.17,0.33,1.17,1,1,25%,50%,0%,25%,17%,33%,50%,33%,67%,42%,50%,33%,1.59,1.69,1.47,1.79,1.92,1.63
Ponte,Palmeiras,Brasil - Campeonato Paulista Sub 20,"Dom, 21 Julho 2024",15:00,50%,63%,V E E D V,V E V V D,E D V V V,V V V V V,V V V V V,V V V V E,2.17,2.17,2.17,2.83,3,2.67,67%,67%,67%,2.92,2.83,3,2.17,2.17,2.17,0.75,0.67,0.83,58%,50%,67%,25%,33%,17%,17%,17%,17%,58%,50%,67%,1.69,1.6,1.81,1.22,1.17,1.29,92%,100%,83%,4.42,5.33,3.5,4.17,5.17,3.17,0.25,0.33,0.33,25%,17%,33%,75%,83%,67%,0%,0%,0%,75%,83%,67%,2.6,2.96,2.24,1.06,0.94,1.19
Botev,Botev,Bulgária - Campeonato Búlgaro,"Dom, 21 Julho 2024",13:00,25%,25%,,,,,,,0,0,0,0,0,0,0%,0%,0%,0,0,0,0,0,0,0,0,0,0%,0%,0%,0%,0%,0%,0%,0%,0%,0%,0%,0%,,,,,,,0%,0%,0%,0,0,0,0,0,0,0,0,0,0%,0%,0%,0%,0%,0%,0%,0%,0%,0%,0%,0%,,,,,,
Ludogorets,CSKA,Bulgária - Campeonato Búlgaro,"Dom, 21 Julho 2024",15:15,25%,25%,,,,,,,0,0,0,0,0,0,0%,0%,0%,0,0,0,0,0,0,0,0,0,0%,0%,0%,0%,0%,0%,0%,0%,0%,0%,0%,0%,,,,,,,0%,0%,0%,0,0,0,0,0,0,0,0,0,0%,0%,0%,0%,0%,0%,0%,0%,0%,0%,0%,0%,,,,,,
Atlético,Valour,Canadá - Campeonato Canadense,"Dom, 21 Julho 2024",15:00,56%,56%,V D V E D,D V D E V,V E V V E,D D V D D,D V D D V,D D E V D,2,1.75,2.33,0.71,1.2,0.44,57%,50%,67%,2.79,3.13,2.33,1.86,1.88,1.83,0.93,1.25,0.5,57%,63%,50%,36%,25%,50%,7%,13%,0%,64%,50%,83%,1.5,1.51,1.49,1.17,1.16,1.18,21%,40%,11%,2.79,2.2,3.11,0.93,1,0.89,1.86,2.22,2.22,57%,20%,78%,14%,40%,0%,29%,40%,22%,50%,40%,56%,1.14,1.12,1.15,1.47,1.27,1.58
Cavalry,Forge,Canadá - Campeonato Canadense,"Dom, 21 Julho 2024",18:00,56%,56%,D V D E E,D E V E E,V D E E E,V E D V E,V E V V D,D E D D E,1.21,1.43,1,1.62,2.29,0.83,21%,29%,14%,1.93,2.29,1.57,1,1.29,0.71,0.93,1,0.86,64%,71%,57%,29%,29%,29%,21%,14%,29%,50%,57%,43%,1.43,1.65,1.21,1,0.92,1.09,46%,71%,17%,3.23,3.43,3,1.77,2.14,1.33,1.46,1.67,1.67,62%,86%,33%,23%,14%,33%,23%,0%,50%,38%,43%,33%,1.69,1.8,1.55,1.22,1.13,1.33
Cobresal,Universidad,Chile - Campeonato Chileno,"Dom, 21 Julho 2024",16:00,49%,57%,V E D E E,V D E E V,E E V D E,V E D V E,E D E E E,V V V E V,1,1.13,0.86,2.13,1.43,2.75,20%,25%,14%,3.27,3.5,3,1.53,1.75,1.29,1.73,1.75,1.71,67%,75%,57%,13%,13%,14%,20%,13%,29%,53%,50%,57%,1.46,1.59,1.31,1.74,1.57,1.94,60%,29%,88%,2.67,2.14,3.13,1.8,1.14,2.38,0.87,0.75,0.75,60%,57%,63%,40%,43%,38%,7%,14%,0%,73%,71%,75%,1.74,1.7,1.77,1.38,1.29,1.47
Colo-Colo,Unión,Chile - Campeonato Chileno,"Dom, 21 Julho 2024",18:30,49%,57%,D V V V E,D V V D V,V V E V D,D V V E D,D V D V V,V E E D E,1.73,1.71,1.75,1.6,1.8,1.2,53%,57%,50%,2.47,2.43,2.5,1.6,1.57,1.63,0.87,0.86,0.88,27%,29%,25%,40%,29%,50%,40%,43%,38%,60%,57%,63%,1.63,1.87,1.42,1.06,1.01,1.1,47%,60%,20%,3.67,4.1,2.8,2,2.3,1.4,1.67,1.4,1.4,53%,50%,60%,20%,20%,20%,27%,30%,20%,53%,50%,60%,1.54,1.55,1.54,1.46,1.28,1.82
Deportes,Santiago,Chile - 2ª Divisão do Chile,"Dom, 21 Julho 2024",16:00,55%,56%,D D E V D,E D V V D,D D V E D,E V E D E,E V D E E,E E E E D,1.31,1.14,1.44,1.19,1.13,1.25,38%,29%,44%,3.5,3,3.89,1.63,1.43,1.78,1.88,1.57,2.11,88%,71%,100%,6%,14%,0%,6%,14%,0%,44%,43%,44%,1.72,1.65,1.78,1.67,1.41,1.89,25%,25%,25%,2.94,3.5,2.38,1.56,2,1.13,1.38,1.25,1.25,81%,88%,75%,13%,13%,13%,13%,0%,25%,63%,75%,50%,1.59,1.83,1.35,1.78,1.67,1.88
San,Santiago,Chile - 2ª Divisão do Chile,"Dom, 21 Julho 2024",18:30,55%,56%,D D D D D,D D V V D,D D D D V,V V V D E,V V V E V,D E E E V,1.19,1.25,1.13,1.56,2.11,0.86,38%,38%,38%,3,2.63,3.38,1.19,1.13,1.25,1.81,1.5,2.13,31%,38%,25%,19%,25%,13%,50%,38%,63%,38%,50%,25%,1.34,1.42,1.27,1.73,1.49,1.97,44%,67%,14%,2.75,3,2.43,1.5,1.89,1,1.25,1.43,1.43,63%,67%,57%,25%,22%,29%,19%,11%,29%,44%,56%,29%,1.58,1.65,1.48,1.75,1.63,1.9
General,San,Chile - 3ª Divisão do Chile,"Dom, 21 Julho 2024",16:00,56%,47%,E E V D E,V V V D D,E E D E V,V E V V V,V V V E V,E V V E D,1.64,1.67,1.63,1.69,1.86,1.5,43%,50%,38%,3.07,4,2.38,1.79,2,1.63,1.29,2,0.75,57%,67%,50%,36%,17%,50%,21%,17%,25%,64%,67%,63%,1.64,1.59,1.68,1.44,1.23,1.61,46%,57%,33%,2.69,4,1.17,1.31,1.86,0.67,1.38,0.5,0.5,62%,86%,33%,31%,14%,50%,31%,14%,50%,38%,57%,17%,1.3,1.38,1.21,1.8,1.84,1.76
Puerto,Fernández,Chile - 3ª Divisão do Chile,"Dom, 21 Julho 2024",16:00,56%,47%,V E V D D,E D V D E,V V D V E,V V E D E,V E E E V,V D E D D,1.93,1.57,2.29,1,1.43,0.57,57%,43%,71%,2.14,1.71,2.57,1.36,1,1.71,0.79,0.71,0.86,43%,29%,57%,50%,57%,43%,14%,29%,0%,64%,57%,71%,1.47,1.69,1.24,1.33,0.9,1.75,21%,29%,14%,2.07,1.57,2.57,1.07,1.14,1,1,1.57,1.57,36%,29%,43%,43%,57%,29%,43%,43%,43%,36%,43%,29%,1.22,1.18,1.27,1.44,1.16,1.73
Deportes,Real,Chile - 3ª Divisão do Chile,"Dom, 21 Julho 2024",18:30,56%,47%,V D D V E,D V V D E,V D E E V,E E D V D,E E V D E,D D E V D,1.14,1.14,1.14,1.21,1.5,0.83,29%,29%,29%,2.43,2.57,2.29,1.14,1.14,1.14,1.29,1.43,1.14,64%,57%,71%,29%,29%,29%,14%,14%,14%,43%,57%,29%,1.3,1.4,1.19,1.52,1.6,1.44,29%,38%,17%,2.21,2.13,2.33,0.93,1.13,0.67,1.29,1.67,1.67,43%,50%,33%,29%,25%,33%,36%,25%,50%,29%,38%,17%,1.73,1.96,1.43,1.5,1.41,1.61
Colchagua,Deportes,Chile - 4ª Divisão do Chile,"Dom, 21 Julho 2024",13:00,54%,62%,D E V V V,D V V D V,E V V E V,V V D E V,V E V V D,V D D E,1.92,1.8,2,1.5,1.75,1,58%,60%,57%,2.33,2.8,2,1.58,2,1.29,0.75,0.8,0.71,42%,40%,43%,33%,20%,43%,42%,40%,43%,33%,40%,29%,1.76,1.98,1.53,1.21,0.98,1.43,42%,50%,25%,4.75,4.88,4.5,2.58,2.88,2,2.17,2.5,2.5,83%,100%,50%,8%,0%,25%,8%,0%,25%,33%,38%,25%,1.5,1.54,1.37,1.49,1.37,1.91
Iberia,Imperial,Chile - 4ª Divisão do Chile,"Dom, 21 Julho 2024",16:00,54%,62%,D D D D D,D D D V D,D D E D D,V D V V D,D V V D D,V V E D,0.42,0.6,0.29,1.33,1.13,1.75,8%,20%,0%,3.17,2.4,3.71,1,0.6,1.29,2.17,1.8,2.43,67%,40%,86%,17%,20%,14%,25%,40%,14%,33%,20%,43%,1.27,1.39,1.18,1.75,1.2,2.16,42%,38%,50%,4.17,3.75,5,2,1.75,2.5,2.17,2.5,2.5,67%,63%,75%,8%,13%,0%,25%,25%,25%,17%,13%,25%,1.97,2.16,1.67,1.37,1.04,1.85
Brujas,Santiago,Chile - 4ª Divisão do Chile,"Dom, 21 Julho 2024",19:00,54%,62%,V V V E V,V E V V V,V V E V V,V E V V D,E V V V V,V V D V D,2.67,2.6,2.71,2.08,2.29,1.8,83%,80%,86%,1.92,1.4,2.29,1.58,1.2,1.86,0.33,0.2,0.43,33%,20%,43%,67%,80%,57%,17%,20%,14%,58%,60%,57%,1.25,0,1.41,0.99,0,1.16,67%,71%,60%,2.75,3,2.4,1.92,2.14,1.6,0.83,0.8,0.8,42%,57%,20%,42%,43%,40%,25%,14%,40%,50%,71%,20%,1.62,1.84,1.25,1.49,1.28,1.84
Suzhou,Wuxi,China - 2ª Divisão da China,"Dom, 21 Julho 2024",08:30,51%,45%,D V V V V,V E E E V,D V V V E,E V E D D,E D D E D,E V D D E,1.59,1.63,1.56,0.65,0.75,0.56,41%,38%,44%,2.88,1.75,3.89,1.71,1.13,2.22,1.18,0.63,1.67,41%,38%,44%,35%,50%,22%,29%,25%,33%,53%,50%,56%,1.43,1.43,1.43,1.47,1.34,1.59,12%,13%,11%,2.41,2.25,2.56,0.82,0.75,0.89,1.59,1.67,1.67,47%,38%,56%,18%,25%,11%,47%,50%,44%,24%,13%,33%,1.11,1.19,1.02,1.38,1.17,1.6
Chongqing,Qingdao,China - 2ª Divisão da China,"Dom, 21 Julho 2024",08:30,51%,45%,E D E V V,V V V V V,E D E V E,E D D D V,D V E D D,E D D E E,1.94,2.71,1.4,1.06,1,1.11,53%,86%,30%,2.47,2.71,2.3,1.71,2.14,1.4,0.76,0.57,0.9,53%,57%,50%,35%,43%,30%,18%,0%,30%,53%,100%,20%,1.53,1.58,1.5,0.93,0.94,0.92,24%,25%,22%,3.12,3,3.22,1.47,1.38,1.56,1.65,1.67,1.67,65%,50%,78%,12%,25%,0%,29%,38%,22%,53%,38%,67%,1.34,1.41,1.28,1.43,1.48,1.4
Shijiazhuang,Jiangxi,China - 2ª Divisão da China,"Dom, 21 Julho 2024",08:30,51%,45%,V D D E D,V D E V V,D D D V D,D D E D E,D D D D D,D E E D D,1.47,2,0.88,0.24,0.13,0.33,41%,56%,25%,2.24,2.11,2.38,1.12,1.33,0.88,1.12,0.78,1.5,47%,44%,50%,41%,56%,25%,29%,22%,38%,47%,67%,25%,1.58,1.8,1.33,1.31,1.2,1.44,0%,0%,0%,3.18,3.63,2.78,0.88,1,0.78,2.29,2,2,65%,63%,67%,12%,13%,11%,35%,38%,33%,18%,13%,22%,1.3,1.22,1.37,1.62,1.67,1.58
Millonarios,Atlético,Colômbia - Campeonato Colombiano,"Dom, 21 Julho 2024",17:30,41%,37%,E V E E D,V D V V V,E E E D V,V D V V D,V V V E E,D D V D V,1.54,1.77,1.31,1.86,2.27,1.38,42%,54%,31%,2.35,2.46,2.23,1.35,1.62,1.08,1,0.85,1.15,50%,38%,62%,31%,38%,23%,27%,23%,31%,46%,54%,38%,1.42,1.58,1.27,1.19,1.02,1.36,54%,67%,38%,1.71,2,1.38,1.14,1.53,0.69,0.57,0.69,0.69,25%,33%,15%,61%,67%,54%,36%,20%,54%,54%,73%,31%,1.13,1.29,0.96,1.24,1.07,1.43
Atlético,América,Colômbia - Campeonato Colombiano,"Dom, 21 Julho 2024",19:45,41%,37%,V V E D E,V D D V V,V E E V D,V E D E E,E V V V D,V E D E V,1.35,1.56,1.18,1.4,1.89,1,35%,44%,27%,2.15,2,2.27,1.15,1.22,1.09,1,0.78,1.18,40%,44%,36%,45%,33%,55%,35%,33%,36%,45%,56%,36%,1.6,1.85,1.4,1.19,0.98,1.35,35%,56%,18%,2.05,2.22,1.91,1.2,1.56,0.91,0.85,1,1,45%,33%,55%,30%,44%,18%,45%,44%,45%,40%,56%,27%,1.46,1.66,1.29,1.23,1.21,1.24
Junior,Boyacá,Colômbia - Campeonato Colombiano,"Dom, 21 Julho 2024",22:00,41%,37%,D D V E D,V D V V E,D D E E E,D D D V D,D D D V V,D V D D D,1.42,2.17,0.79,0.9,1.27,0.44,38%,67%,14%,2.19,2.08,2.29,1.12,1.5,0.79,1.08,0.58,1.5,31%,33%,29%,46%,58%,36%,38%,17%,57%,42%,67%,21%,1.31,1.46,1.18,1.31,1.26,1.37,25%,36%,11%,2.9,2.45,3.44,1.1,1.27,0.89,1.8,2.56,2.56,60%,64%,56%,15%,27%,0%,25%,9%,44%,35%,45%,22%,1.34,1.37,1.29,1.22,1.01,1.5
Cúcuta,Atlético,Colômbia - 2ª Divisão da Colômbia,"Dom, 21 Julho 2024",17:00,45%,45%,V D D D V,V D V V V,D D D E V,D D D D D,D D D D D,D D D V D,1.73,2.36,1.09,0.31,0,0.63,50%,73%,27%,2.41,2.82,2,1.36,1.91,0.82,1.05,0.91,1.18,50%,64%,36%,36%,36%,36%,18%,0%,36%,59%,73%,45%,1.33,1.49,1.19,1.61,1.58,1.64,6%,0%,13%,2.44,2.5,2.38,0.31,0.13,0.5,2.13,1.88,1.88,19%,13%,25%,6%,0%,13%,75%,88%,63%,6%,0%,13%,1.32,1.3,1.35,1.62,1.8,1.45
Atlético,Deportes,Colômbia - 2ª Divisão da Colômbia,"Dom, 21 Julho 2024",17:00,45%,45%,V D V D D,V V D V V,D D V D D,D V E D D,V D E E V,D E D E D,2.05,2.73,1.36,1.36,2,0.73,68%,91%,45%,2.05,1.91,2.18,1.36,1.64,1.09,0.68,0.27,1.09,27%,18%,36%,55%,73%,36%,18%,9%,27%,73%,91%,55%,1.48,1.76,1.21,1.28,1.09,1.46,32%,55%,9%,2.14,2.36,1.91,1.14,1.55,0.73,1,1.18,1.18,50%,64%,36%,32%,36%,27%,27%,0%,55%,45%,55%,36%,1.71,1.87,1.56,1.32,1.18,1.46
Tigres,Barranquilla,Colômbia - 2ª Divisão da Colômbia,"Dom, 21 Julho 2024",17:30,45%,45%,D D D D D,D D D V E,D D D E V,V D D E D,V D E V E,D D E E D,1.23,1.09,1.36,1.13,1.63,0.63,32%,27%,36%,2.14,1.64,2.64,1.05,0.91,1.18,1.09,0.73,1.45,27%,18%,36%,36%,36%,36%,55%,64%,45%,32%,27%,36%,1.33,1.43,1.24,1.42,1.23,1.61,25%,38%,13%,2.31,2.13,2.5,1.19,1.38,1,1.13,1.5,1.5,50%,38%,63%,25%,50%,0%,31%,25%,38%,56%,63%,50%,1.51,1.74,1.29,1.38,1.19,1.57
Alajuelense,Santos,Costa Rica - Campeonato da Costa Rica,"Dom, 21 Julho 2024",21:00,25%,50%,,,,,,,0,0,0,0,0,0,0%,0%,0%,0,0,0,0,0,0,0,0,0,0%,0%,0%,0%,0%,0%,0%,0%,0%,0%,0%,0%,,,,,,,0%,0%,0%,0,0,0,0,0,0,0,0,0,0%,0%,0%,0%,0%,0%,0%,0%,0%,0%,0%,0%,,,,,,
Silkeborg,SønderjyskE,Dinamarca - Campeonato Dinamarquês,"Dom, 21 Julho 2024",09:00,50%,50%,,,,,,,0,0,0,0,0,0,0%,0%,0%,0,0,0,0,0,0,0,0,0,0%,0%,0%,0%,0%,0%,0%,0%,0%,0%,0%,0%,,,,,,,0%,0%,0%,0,0,0,0,0,0,0,0,0,0%,0%,0%,0%,0%,0%,0%,0%,0%,0%,0%,0%,,,,,,
Al,Al,Egito - Campeonato Egípcio,"Dom, 21 Julho 2024",11:30,49%,43%,V V V D V,V D E D V,V V V E D,D E D D V,D D V E D,E D D V D,1.76,1.64,1.87,0.71,0.5,0.93,52%,50%,53%,2.52,2.07,2.93,1.31,1.07,1.53,1.21,1,1.4,45%,29%,60%,41%,50%,33%,21%,29%,13%,55%,50%,60%,1.24,1.39,1.03,1.33,1.35,1.29,14%,7%,21%,2.68,2.36,3,0.96,0.79,1.14,1.71,1.86,1.86,61%,50%,71%,7%,7%,7%,36%,50%,21%,29%,21%,36%,1.19,1.19,1.18,1.44,1.33,1.55
Enppi,ZED,Egito - Campeonato Egípcio,"Dom, 21 Julho 2024",15:00,49%,43%,D E E V E,E V V D D,D E E E V,D V D E E,D V E E D,D V V V E,1.45,1.53,1.36,1.52,1.29,1.77,38%,40%,36%,2.14,2.07,2.21,1.17,1.2,1.14,0.97,0.87,1.07,41%,47%,36%,38%,40%,36%,38%,33%,43%,38%,47%,29%,1.36,1.33,1.39,1.42,1.41,1.43,37%,29%,46%,2.26,2.36,2.15,1.33,1.36,1.31,0.93,0.85,0.85,48%,43%,54%,30%,29%,31%,37%,43%,31%,44%,50%,38%,1.5,1.65,1.34,1.29,1.21,1.36
El,Zamalek,Egito - Campeonato Egípcio,"Dom, 21 Julho 2024",15:00,49%,43%,D D E V D,V D V E D,D D E D D,E V V E V,E V V V D,V E D V V,0.63,1.07,0.25,1.73,2.08,1.38,10%,21%,0%,1.83,1.64,2,0.53,0.71,0.38,1.3,0.93,1.63,33%,36%,31%,33%,50%,19%,57%,43%,69%,17%,29%,6%,0.97,0.97,0.97,1.64,1.46,1.78,50%,62%,38%,2.54,2.69,2.38,1.54,1.85,1.23,1,1.15,1.15,58%,62%,54%,31%,38%,23%,19%,8%,31%,54%,77%,31%,1.65,1.63,1.67,1.33,1.17,1.49
Celje,Bravo,Eslovênia - Campeonato da Eslovênia,"Dom, 21 Julho 2024",15:15,0%,0%,,,,,,,0,0,0,0,0,0,0%,0%,0%,0,0,0,0,0,0,0,0,0,0%,0%,0%,0%,0%,0%,0%,0%,0%,0%,0%,0%,,,,,,,0%,0%,0%,0,0,0,0,0,0,0,0,0,0%,0%,0%,0%,0%,0%,0%,0%,0%,0%,0%,0%,,,,,,
Oakland,Sacramento,Estados Unidos - USL Championship,"Dom, 21 Julho 2024",17:00,51%,49%,D V V D V,V V V V D,D V D V D,E D V E D,E D V D D,E V E E V,1.45,1.78,1.18,1.61,1.3,2,45%,56%,36%,2.65,2.11,3.09,1.15,1,1.27,1.5,1.11,1.82,50%,44%,55%,20%,22%,18%,30%,33%,27%,35%,33%,36%,1.25,1.29,1.22,1.43,1.41,1.44,39%,30%,50%,1.89,1.9,1.88,1.17,1,1.38,0.72,0.5,0.5,39%,40%,38%,50%,40%,63%,28%,40%,13%,61%,50%,75%,1.45,1.53,1.34,1.3,1.23,1.39
Peoria,Des,USA - USL League Two,"Dom, 21 Julho 2024",15:30,0%,0%,V V E V V,V E V D V,V V V E V,V V E V V,V V V V V,E V V V D,0,0,0,0,0,0,0%,0%,0%,0,0,0,0,0,0,0,0,0,0%,0%,0%,0%,0%,0%,0%,0%,0%,0%,0%,0%,,,,,,,0%,0%,0%,0,0,0,0,0,0,0,0,0,0%,0%,0%,0%,0%,0%,0%,0%,0%,0%,0%,0%,,,,,,
Michigan,Fort,USA - USL League Two,"Dom, 21 Julho 2024",18:00,0%,0%,V V D E V,V V V V V,D E V V V,E V V D V,E V D V E,V V E D V,0,0,0,0,0,0,0%,0%,0%,0,0,0,0,0,0,0,0,0,0%,0%,0%,0%,0%,0%,0%,0%,0%,0%,0%,0%,,,,,,,0%,0%,0%,0,0,0,0,0,0,0,0,0,0%,0%,0%,0%,0%,0%,0%,0%,0%,0%,0%,0%,,,,,,
United,Project,USA - USL League Two,"Dom, 21 Julho 2024",18:00,59%,68%,V V D V V,V V V V V,V V D V V,V V V V V,V V V V V,V V D D D,2,2.71,1.29,2.13,2.71,1.63,64%,86%,43%,4.36,3.86,4.86,2.29,2.71,1.86,2.07,1.14,3,79%,86%,71%,7%,14%,0%,14%,0%,29%,21%,29%,14%,1.75,1.79,1.69,1.29,1.21,1.4,67%,86%,50%,2.27,2.43,2.13,1.6,2.14,1.13,0.67,1,1,40%,29%,50%,40%,71%,13%,20%,0%,38%,53%,100%,13%,1.69,1.4,1.94,1.37,1.04,1.64
Seacoast,Vermont,USA - USL League Two,"Dom, 21 Julho 2024",20:00,0%,0%,V V V V V,V V V V V,V V V D V,V V V D V,V D V E V,V V V V D,0,0,0,0,0,0,0%,0%,0%,0,0,0,0,0,0,0,0,0,0%,0%,0%,0%,0%,0%,0%,0%,0%,0%,0%,0%,,,,,,,0%,0%,0%,0,0,0,0,0,0,0,0,0,0%,0%,0%,0%,0%,0%,0%,0%,0%,0%,0%,0%,,,,,,
Asheville,The,USA - USL League Two,"Dom, 21 Julho 2024",20:00,0%,0%,V V E V V,V V V V V,E V E V V,V V V D V,V V V V V,D V V V E,0,0,0,0,0,0,0%,0%,0%,0,0,0,0,0,0,0,0,0,0%,0%,0%,0%,0%,0%,0%,0%,0%,0%,0%,0%,,,,,,,0%,0%,0%,0,0,0,0,0,0,0,0,0,0%,0%,0%,0%,0%,0%,0%,0%,0%,0%,0%,0%,,,,,,
Lionsbridge,North,USA - USL League Two,"Dom, 21 Julho 2024",20:00,0%,0%,V V V E V,V V E V V,V V V V V,E V V V V,E V E E V,V V V V V,0,0,0,0,0,0,0%,0%,0%,0,0,0,0,0,0,0,0,0,0%,0%,0%,0%,0%,0%,0%,0%,0%,0%,0%,0%,,,,,,,0%,0%,0%,0,0,0,0,0,0,0,0,0,0%,0%,0%,0%,0%,0%,0%,0%,0%,0%,0%,0%,,,,,,
Little,Corpus,USA - USL League Two,"Dom, 21 Julho 2024",20:00,59%,68%,V E V V V,V V V V V,E V V E V,V V V V V,V V V D V,V V V E V,2.5,3,2,2.62,2.57,2.67,75%,100%,50%,2,1.67,2.33,1.75,1.5,2,0.25,0.17,0.33,25%,17%,33%,75%,83%,67%,8%,0%,17%,58%,83%,33%,1.74,0,1.99,0.95,0,1.2,85%,86%,83%,5.15,5.57,4.67,3.85,4.29,3.33,1.31,1.33,1.33,62%,71%,50%,38%,29%,50%,0%,0%,0%,23%,29%,17%,1.72,0,2.22,1.2,0,1.7
FC,Ventura,USA - USL League Two,"Dom, 21 Julho 2024",23:00,0%,0%,V E V V E,V E V E V,V E V D E,V V V V V,V V V V V,V V D V E,0,0,0,0,0,0,0%,0%,0%,0,0,0,0,0,0,0,0,0,0%,0%,0%,0%,0%,0%,0%,0%,0%,0%,0%,0%,,,,,,,0%,0%,0%,0,0,0,0,0,0,0,0,0,0%,0%,0%,0%,0%,0%,0%,0%,0%,0%,0%,0%,,,,,,
Charlotte,California,USA - WPSL,"Dom, 21 Julho 2024",21:00,50%,74%,V V V V V,V V V V V,V V V D V,E V V E V,V V E V V,E V E V E,2.73,3,2.4,2.27,2.6,2,91%,100%,80%,3.82,4.83,2.6,3.45,4.5,2.2,0.36,0.33,0.4,27%,33%,20%,73%,67%,80%,0%,0%,0%,45%,67%,20%,1.11,0,2.11,-0.32,0,0.68,64%,80%,50%,4.55,5.8,3.5,3.64,5,2.5,0.91,1,1,55%,40%,67%,45%,60%,33%,0%,0%,0%,55%,80%,33%,2.36,1.71,2.69,1.31,1.45,1.24
Tallinna,Kuressaare,Estônia - Campeonato da Estônia,"Dom, 21 Julho 2024",11:00,47%,52%,V V V V V,V V V E E,V V V V D,E E D V E,E D E E E,E V D D D,2.55,2.4,2.7,1,1.1,0.89,80%,70%,90%,2.8,2.3,3.3,2.4,1.9,2.9,0.4,0.4,0.4,30%,30%,30%,65%,70%,60%,10%,10%,10%,80%,80%,80%,2.39,2.37,2.42,0.99,0.96,1.01,21%,20%,22%,3,3.2,2.78,1.16,1.3,1,1.84,1.78,1.78,42%,30%,56%,26%,40%,11%,42%,50%,33%,58%,50%,67%,1.45,1.5,1.39,2.18,2,2.39
Stjarnan,Fylkir,Islândia - Campeonato Islandês,"Dom, 21 Julho 2024",16:15,67%,65%,E D D V D,D V V E V,E D D D D,V D E D V,V V V D D,D E D D D,1.21,1.86,0.57,0.79,1.43,0.14,36%,57%,14%,3.86,3.86,3.86,1.79,2.29,1.29,2.07,1.57,2.57,64%,57%,71%,21%,29%,14%,14%,14%,14%,43%,43%,43%,1.76,1.67,1.86,1.82,1.9,1.73,21%,43%,0%,4.07,3.29,4.86,1.5,1.71,1.29,2.57,3.57,3.57,64%,43%,86%,14%,29%,0%,29%,43%,14%,29%,29%,29%,1.77,1.96,1.57,1.96,1.86,2.05
Breidablik,KR,Islândia - Campeonato Islandês,"Dom, 21 Julho 2024",16:15,67%,65%,E D E V V,E V E V D,E D V V V,D E E E D,E E D E D,D E D V E,1.93,2,1.86,1,0.43,1.57,57%,57%,57%,3.29,3,3.57,2.07,2,2.14,1.21,1,1.43,64%,71%,57%,29%,29%,29%,7%,0%,14%,64%,71%,57%,1.97,2.07,1.87,1.56,1.48,1.63,21%,0%,43%,3.5,3.86,3.14,1.64,1.57,1.71,1.86,1.43,1.43,86%,86%,86%,0%,0%,0%,14%,14%,14%,50%,43%,57%,1.91,1.93,1.88,1.72,1.55,1.89
Pumas,Pachuca,México - Campeonato Mexicano,"Dom, 21 Julho 2024",20:00,53%,53%,V E V,V,V E,V E D,V D,E,2.33,3,2,1.33,1.5,1,67%,100%,50%,3.33,5,2.5,2.33,4,1.5,1,1,1,100%,100%,100%,0%,0%,0%,0%,0%,0%,33%,100%,0%,1.67,1.68,1.67,1.03,1.08,1,33%,50%,0%,1,1.5,0,0.67,1,0,0.33,0,0,0%,0%,0%,67%,50%,100%,67%,50%,100%,33%,50%,0%,1.42,1.58,1.12,1.35,1.28,1.5
León,Necaxa,México - Campeonato Mexicano,"Dom, 21 Julho 2024",22:05,53%,53%,E E D,E,E D,D V D,D V,D,0.67,1,0.5,1,1.5,0,0%,0%,0%,3,0,4.5,1,0,1.5,2,0,3,67%,0%,100%,33%,100%,0%,33%,100%,0%,0%,0%,0%,1.28,1.5,1.17,1.57,1.12,1.79,33%,50%,0%,2.33,3,1,1.33,2,0,1,1,1,33%,50%,0%,0%,0%,0%,67%,50%,100%,33%,50%,0%,1.52,1.71,1.14,1.42,1.31,1.63
Rosenborg,Lillestrøm,Noruega - Campeonato Norueguês,"Dom, 21 Julho 2024",14:15,59%,56%,D V D E V,V E V D D,D D D E D,V D V V D,V V D D E,D V D V D,1.21,1.86,0.57,1.36,1,1.71,36%,57%,14%,3.36,2.71,4,1.43,1.43,1.43,1.93,1.29,2.57,71%,71%,71%,14%,29%,0%,14%,0%,29%,50%,71%,29%,1.35,1.4,1.29,1.34,1.07,1.61,43%,29%,57%,3,3.43,2.57,1.29,1.14,1.43,1.71,1.14,1.14,50%,57%,43%,14%,0%,29%,36%,43%,29%,50%,43%,57%,1.31,1.29,1.32,1.31,1.3,1.32
UMECIT,San,Panamá - Campeonato do Panamá,"Dom, 21 Julho 2024",18:00,54%,44%,E V E D D,E V E D E,D D D V E,E D V D V,E V V V D,D V D V V,1.31,1.63,1,1.78,1.78,1.78,31%,38%,25%,1.81,1.75,1.88,0.88,1,0.75,0.94,0.75,1.13,50%,50%,50%,44%,50%,38%,31%,25%,38%,38%,50%,25%,1.3,1.28,1.33,1.43,1.63,1.23,50%,44%,56%,1.94,2.11,1.78,1.06,1.22,0.89,0.89,0.89,0.89,33%,44%,22%,50%,44%,56%,33%,33%,33%,44%,33%,56%,1.32,1.46,1.19,1.32,1.19,1.46
Alianza,Sporting,Panamá - Campeonato do Panamá,"Dom, 21 Julho 2024",20:15,54%,44%,D E V E E,D E V D V,E V E D D,V E V V V,V V E D V,V E V E E,1.44,1.38,1.5,1.31,1.5,1.13,38%,38%,38%,2.25,1.88,2.63,1.06,0.88,1.25,1.19,1,1.38,44%,25%,63%,31%,38%,25%,38%,50%,25%,44%,38%,50%,1.38,1.38,1.38,1.19,1.17,1.22,31%,38%,25%,2.25,2.88,1.63,1.13,1.5,0.75,1.13,0.88,0.88,63%,75%,50%,13%,13%,13%,25%,13%,38%,63%,63%,63%,1.42,1.38,1.46,1.25,1.46,1.05
General,Sportivo,Paraguai - Campeonato Paraguaio,"Dom, 21 Julho 2024",17:00,53%,47%,D D V E D,D V D D D,D E E D D,D V V D V,D D E D D,V V V V V,0.86,1.09,0.64,1.59,1.09,2.09,14%,27%,0%,2.59,2.91,2.27,1,1.27,0.73,1.59,1.64,1.55,68%,73%,64%,14%,18%,9%,27%,18%,36%,32%,45%,18%,1.27,1.39,1.14,1.53,1.54,1.51,45%,27%,64%,2.14,2.36,1.91,1.14,0.91,1.36,1,0.55,0.55,36%,36%,36%,45%,36%,55%,27%,36%,18%,45%,36%,55%,1.44,1.49,1.38,1.43,1.53,1.32
Sol,2,Paraguai - Campeonato Paraguaio,"Dom, 21 Julho 2024",19:30,53%,47%,V V D V D,V V D V D,V D D D D,D E D V D,E V V V D,D D D D V,1.18,1.55,0.82,1.33,1.91,0.7,32%,45%,18%,2.95,3.18,2.73,1.18,1.55,0.82,1.77,1.64,1.91,50%,55%,45%,23%,27%,18%,36%,27%,45%,45%,64%,27%,1.57,1.56,1.58,1.55,1.53,1.56,38%,55%,20%,2.38,2.18,2.6,1.19,1.45,0.9,1.19,1.7,1.7,48%,45%,50%,24%,36%,10%,33%,27%,40%,52%,73%,30%,1.2,1.21,1.2,1.11,0.92,1.33
Deportivo,Deportivo,Paraguai - 2ª Divisão do Paraguai,"Dom, 21 Julho 2024",11:00,52%,43%,D V V E E,V E V V E,D V E D E,V D E D V,V E V V V,D D D V V,1.25,1.88,0.63,2.19,2.75,1.63,31%,50%,13%,2.56,2,3.13,1.13,1.25,1,1.44,0.75,2.13,56%,50%,63%,25%,38%,13%,19%,13%,25%,56%,75%,38%,1.35,1.54,1.24,1.2,0.85,1.41,69%,88%,50%,3.13,3.25,3,2.25,2.88,1.63,0.88,1.38,1.38,50%,25%,75%,50%,75%,25%,0%,0%,0%,81%,88%,75%,1.46,1.42,1.52,1.43,1.37,1.51
Fernando,Sportivo,Paraguai - 2ª Divisão do Paraguai,"Dom, 21 Julho 2024",11:00,52%,43%,D V E E E,V E V V D,D E E D D,D D E V E,E E V V V,D D V E V,1.44,2.13,0.75,1.75,1.88,1.63,38%,63%,13%,2.38,2.13,2.63,1.25,1.38,1.13,1.13,0.75,1.5,56%,63%,50%,25%,38%,13%,19%,0%,38%,50%,63%,38%,1.48,1.49,1.48,1.42,1.41,1.43,50%,50%,50%,2.38,2.63,2.13,1.44,1.63,1.25,0.94,0.88,0.88,50%,63%,38%,38%,38%,38%,25%,13%,38%,38%,38%,38%,1.52,1.63,1.41,1.24,1.13,1.34
Atlético,Universitario,Peru - Campeonato Peruano,"Dom, 21 Julho 2024",15:00,47%,51%,E D V E E,V E D E V,E D E D D,V V E V D,V V V V V,E D V V E,1.11,1.56,0.67,2.39,3,1.78,22%,33%,11%,2,2.11,1.89,1.06,1.44,0.67,0.94,0.67,1.22,39%,44%,33%,44%,56%,33%,39%,22%,56%,33%,44%,22%,1.37,1.57,1.16,1.13,0.82,1.44,72%,100%,44%,2.5,3.11,1.89,2.11,3,1.22,0.39,0.67,0.67,22%,11%,33%,72%,89%,56%,22%,0%,44%,72%,89%,56%,1.68,1.9,1.46,1.11,0.94,1.28
Carlos,Unión,Peru - Campeonato Peruano,"Dom, 21 Julho 2024",17:00,47%,51%,D E E D E,E E V D V,D E D D D,D E D E D,D E E D E,D D E D D,0.78,1.22,0.33,0.5,0.78,0.22,17%,33%,0%,2.83,2.67,3,0.61,0.78,0.44,2.22,1.89,2.56,28%,33%,22%,22%,33%,11%,61%,44%,78%,17%,33%,0%,1.11,1.28,0.94,1.65,1.37,1.93,6%,11%,0%,3,3.33,2.67,1,1.33,0.67,2,2,2,67%,78%,56%,11%,11%,11%,28%,11%,44%,28%,44%,11%,1.11,1.21,1.01,1.57,1.38,1.75
Sporting,Sport,Peru - Campeonato Peruano,"Dom, 21 Julho 2024",17:15,47%,51%,D V V D V,V V V V D,D V D D V,V V V E D,V V E E D,V D D E D,2.22,2.63,1.9,1.22,1.8,0.5,72%,88%,60%,3.78,4,3.6,2.5,3.13,2,1.28,0.88,1.6,72%,63%,80%,28%,38%,20%,0%,0%,0%,78%,75%,80%,1.55,1.8,1.35,1.5,1.15,1.79,33%,50%,13%,2.28,2,2.63,1.11,1.3,0.88,1.17,1.75,1.75,39%,40%,38%,39%,60%,13%,39%,20%,63%,44%,60%,25%,1.28,1.45,1.09,1.28,1.1,1.47
Cienciano,ADT,Peru - Campeonato Peruano,"Dom, 21 Julho 2024",20:00,47%,51%,V E E V E,E E D E V,V E V D V,V D V E V,V V V V E,D E V D V,1.61,1.56,1.67,1.72,2.56,0.89,39%,33%,44%,2.39,2.56,2.22,1.22,1.33,1.11,1.17,1.22,1.11,67%,67%,67%,17%,22%,11%,22%,22%,22%,39%,44%,33%,1.36,1.63,1.09,1.55,1.42,1.68,50%,78%,22%,3.17,2.67,3.67,1.78,2.11,1.44,1.39,2.22,2.22,56%,44%,67%,33%,56%,11%,11%,0%,22%,61%,78%,44%,1.64,1.94,1.31,1.25,1.01,1.51
San,Juan,Peru - 2ª Divisão do Peru,"Dom, 21 Julho 2024",15:15,42%,56%,E D V V V,D V V V V,E V V D D,D D D V D,D D V V V,D D V D V,2.07,2.57,1.57,1.64,1.75,1.5,64%,86%,43%,3.29,3.57,3,2.29,2.86,1.71,1,0.71,1.29,57%,57%,57%,43%,43%,43%,7%,0%,14%,36%,71%,0%,1.71,2.22,1.4,1.4,1.56,1.3,50%,50%,50%,2.64,2.5,2.83,1.57,1.63,1.5,1.07,1.33,1.33,36%,38%,33%,36%,38%,33%,36%,38%,33%,36%,50%,17%,1.77,1.83,1.6,1.55,1.45,1.86
Deportivo,UCV,Peru - 2ª Divisão do Peru,"Dom, 21 Julho 2024",15:15,42%,56%,V V D D D,V D E D V,V D D E V,D E D E V,D D V D D,E E E D D,1.07,1.14,1,0.73,0.88,0.57,27%,29%,25%,2.8,2.57,3,1.13,1,1.25,1.67,1.57,1.75,60%,57%,63%,7%,14%,0%,40%,43%,38%,33%,29%,38%,1.39,1.7,1.11,1.81,1.72,1.89,13%,25%,0%,1.87,2,1.71,0.67,0.75,0.57,1.2,1.14,1.14,33%,38%,29%,27%,25%,29%,53%,38%,71%,27%,50%,0%,1.19,1.31,1.06,1.5,1.41,1.6
Motor,Raków,Polônia - Campeonato Polonês,"Dom, 21 Julho 2024",15:15,40%,40%,,,,,,,0,0,0,0,0,0,0%,0%,0%,0,0,0,0,0,0,0,0,0,0%,0%,0%,0%,0%,0%,0%,0%,0%,0%,0%,0%,,,,,,,0%,0%,0%,0,0,0,0,0,0,0,0,0,0%,0%,0%,0%,0%,0%,0%,0%,0%,0%,0%,0%,,,,,,
ŁKS,Wisła,Polônia - 2ª Divisão da Polônia,"Dom, 21 Julho 2024",09:30,20%,40%,,,,,,,0,0,0,0,0,0,0%,0%,0%,0,0,0,0,0,0,0,0,0,0%,0%,0%,0%,0%,0%,0%,0%,0%,0%,0%,0%,,,,,,,0%,0%,0%,0,0,0,0,0,0,0,0,0,0%,0%,0%,0%,0%,0%,0%,0%,0%,0%,0%,0%,,,,,,
Slovácko,Slavia,República Tcheca - Campeonato Tcheco,"Dom, 21 Julho 2024",12:00,60%,60%,,,,,,,0,0,0,0,0,0,0%,0%,0%,0,0,0,0,0,0,0,0,0,0%,0%,0%,0%,0%,0%,0%,0%,0%,0%,0%,0%,,,,,,,0%,0%,0%,0,0,0,0,0,0,0,0,0,0%,0%,0%,0%,0%,0%,0%,0%,0%,0%,0%,0%,,,,,,
Universitatea,Hermannstadt,Romênia - Campeonato Romeno,"Dom, 21 Julho 2024",13:00,57%,42%,E,,E,E,E,,1,0,1,1,1,0,0%,0%,0%,2,0,2,1,0,1,1,0,1,100%,0%,100%,0%,0%,0%,0%,0%,0%,0%,0%,0%,-0.46,0,0.54,0.85,0,1.85,0%,0%,0%,0,0,0,0,0,0,0,0,0,0%,0%,0%,100%,100%,0%,100%,100%,0%,0%,0%,0%,-0.16,0.84,0,1.23,2.23,0
Khimki,Makhachkala,Rússia - Campeonato Russo,"Dom, 21 Julho 2024",14:00,50%,75%,,,,,,,0,0,0,0,0,0,0%,0%,0%,0,0,0,0,0,0,0,0,0,0%,0%,0%,0%,0%,0%,0%,0%,0%,0%,0%,0%,,,,,,,0%,0%,0%,0,0,0,0,0,0,0,0,0,0%,0%,0%,0%,0%,0%,0%,0%,0%,0%,0%,0%,,,,,,
FK,Baltika,Rússia - 2ª Divisão da Rússia,"Dom, 21 Julho 2024",13:00,23%,31%,D,,D,E,,E,0,0,0,1,0,1,0%,0%,0%,2,0,2,0,0,0,2,0,2,0%,0%,0%,0%,0%,0%,100%,0%,100%,0%,0%,0%,-0.15,0,0.85,-0.14,0,0.86,0%,0%,0%,0,0,0,0,0,0,0,0,0,0%,0%,0%,100%,0%,100%,100%,0%,100%,0%,0%,0%,-0.1,0,0.9,-0.29,0,0.71
FK,Chayka,Rússia - 2ª Divisão da Rússia,"Dom, 21 Julho 2024",13:30,23%,31%,D,,D,E,E,,0,0,0,1,1,0,0%,0%,0%,1,0,1,0,0,0,1,0,1,0%,0%,0%,0%,0%,0%,100%,0%,100%,0%,0%,0%,-0.46,0,0.54,0.24,0,1.24,0%,0%,0%,2,2,0,1,1,0,1,0,0,100%,100%,0%,0%,0%,0%,0%,0%,0%,0%,0%,0%,0.52,1.52,0,-0.22,0.78,0
Bačka,IMT,Sérvia - Campeonato Sérvio,"Dom, 21 Julho 2024",14:30,40%,60%,,,,,,,0,0,0,0,0,0,0%,0%,0%,0,0,0,0,0,0,0,0,0,0%,0%,0%,0%,0%,0%,0%,0%,0%,0%,0%,0%,,,,,,,0%,0%,0%,0,0,0,0,0,0,0,0,0,0%,0%,0%,0%,0%,0%,0%,0%,0%,0%,0%,0%,,,,,,
Tekstilac,Vojvodina,Sérvia - Campeonato Sérvio,"Dom, 21 Julho 2024",14:30,40%,60%,,,,,,,0,0,0,0,0,0,0%,0%,0%,0,0,0,0,0,0,0,0,0,0%,0%,0%,0%,0%,0%,0%,0%,0%,0%,0%,0%,,,,,,,0%,0%,0%,0,0,0,0,0,0,0,0,0,0%,0%,0%,0%,0%,0%,0%,0%,0%,0%,0%,0%,,,,,,
Elfsborg,Mjällby,Suécia - Campeonato Sueco,"Dom, 21 Julho 2024",11:30,53%,64%,V V D D V,V V V V V,V D D D D,V V V V D,V V V D V,V D V D D,1.47,2.29,0.75,1.93,2.22,1.5,47%,71%,25%,3.47,3.57,3.38,1.93,2.71,1.25,1.53,0.86,2.13,53%,57%,50%,27%,43%,13%,20%,0%,38%,60%,86%,38%,1.51,1.74,1.32,1.4,1.22,1.56,60%,67%,50%,3,3.33,2.5,1.8,2.11,1.33,1.2,1.17,1.17,73%,78%,67%,20%,22%,17%,7%,0%,17%,67%,67%,67%,1.31,1.35,1.24,1.31,1.2,1.47
Young,Sion,Suíça - Campeonato Suíço,"Dom, 21 Julho 2024",09:15,33%,33%,,,,,,,0,0,0,0,0,0,0%,0%,0%,0,0,0,0,0,0,0,0,0,0%,0%,0%,0%,0%,0%,0%,0%,0%,0%,0%,0%,,,,,,,0%,0%,0%,0,0,0,0,0,0,0,0,0,0%,0%,0%,0%,0%,0%,0%,0%,0%,0%,0%,0%,,,,,,
Progreso,Deportivo,Uruguai - Campeonato Uruguaio,"Dom, 21 Julho 2024",12:30,55%,49%,D V D E V,V D V D D,D E D D D,E E D E D,E D D D D,E E E V E,1.55,2.1,1,0.9,0.64,1.22,45%,70%,20%,3.3,3.5,3.1,1.6,1.9,1.3,1.7,1.6,1.8,65%,60%,70%,15%,20%,10%,25%,20%,30%,40%,30%,50%,1.45,1.56,1.33,1.51,1.63,1.37,20%,18%,22%,2.25,2.27,2.22,0.9,0.82,1,1.35,1.22,1.22,60%,45%,78%,20%,18%,22%,25%,36%,11%,35%,36%,33%,1.15,1.13,1.18,1.46,1.3,1.66
Peñarol,Fénix,Uruguai - Campeonato Uruguaio,"Dom, 21 Julho 2024",16:00,55%,49%,V E V E D,E E V V V,V V D V V,D V V V D,D V V D V,V D V V D,2.45,2.33,2.55,1.1,0.91,1.33,75%,67%,82%,2.5,2.11,2.82,1.9,1.78,2,0.6,0.33,0.82,45%,33%,55%,50%,67%,36%,10%,11%,9%,70%,67%,73%,1.46,1.42,1.49,0.96,0.82,1.08,30%,27%,33%,2.15,2.27,2,1,0.91,1.11,1.15,0.89,0.89,50%,55%,44%,30%,27%,33%,35%,27%,44%,45%,36%,56%,1.34,1.38,1.3,1.43,1.52,1.32
Boston,Danubio,Uruguai - Campeonato Uruguaio,"Dom, 21 Julho 2024",18:30,55%,49%,V V D D E,V V D D V,D E V V D,D V E V E,D V E D E,V E E D D,1.7,1.5,1.9,1.1,0.88,1.25,50%,40%,60%,2.4,2.7,2.1,1.3,1.4,1.2,1.1,1.3,0.9,55%,60%,50%,25%,30%,20%,25%,20%,30%,45%,30%,60%,1.33,1.48,1.18,1.33,1.37,1.29,25%,13%,33%,2.45,2.38,2.5,1,0.75,1.17,1.45,1.33,1.33,45%,50%,42%,15%,13%,17%,50%,38%,58%,40%,50%,33%,1.19,1.02,1.31,1.28,1.15,1.36
Caracas,Rayo,Venezuela - Campeonato Venezuelano,"Dom, 21 Julho 2024",17:00,54%,45%,E D E E D,E D D E D,E D E E D,V D E E E,E E D D D,V D E D D,0.93,0.83,1,0.71,0.83,0.63,14%,17%,13%,1.64,1.83,1.5,0.71,0.83,0.63,0.93,1,0.88,36%,33%,38%,36%,33%,38%,50%,50%,50%,29%,17%,38%,1.5,1.7,1.38,1.34,1.25,1.39,14%,17%,13%,3,3.17,2.88,1.29,1.5,1.13,1.71,1.75,1.75,79%,67%,88%,0%,0%,0%,21%,33%,13%,50%,50%,50%,1.36,1.55,1.22,1.46,1.18,1.67
Deportivo,Zamora,Venezuela - Campeonato Venezuelano,"Dom, 21 Julho 2024",20:00,54%,45%,E D V D V,V V V D V,E D D E D,V D D D D,V D D E E,D D D D E,1.43,2.5,0.63,0.57,1,0.14,36%,83%,0%,1.79,2.33,1.38,1,1.83,0.38,0.79,0.5,1,36%,33%,38%,36%,50%,25%,43%,17%,63%,57%,83%,38%,1.29,1.38,1.23,1.21,1.15,1.25,7%,14%,0%,2.36,1.71,3,0.79,0.71,0.86,1.57,2.14,2.14,57%,43%,71%,21%,43%,0%,36%,43%,29%,36%,29%,43%,1.42,1.52,1.33,1.43,1.21,1.63
